Site,Site Code,Site Num,State,Date,Time,Mussel #,Shell Length,Height,Girth,Shell wt,SA,Shell thk,notes,A vs. P,Max thk 1/3,Min thk 1/3,Ave thk 1/3
Soberanes Point,SBR,1,CA,2019,2019,1,95.81,39.85,15.47,17.5691,3234.22728,5.43224037,,A,1.98,1.193,1.5865
Soberanes Point,SBR,1,CA,2019,2019,2,75.19,29.6,15.62,12.2069,1988.8058,6.1378039,,A,2.528,1.451,1.9895
Soberanes Point,SBR,1,CA,2019,2019,3,80.16,30.68,13.31,9.9168,2102.84826,4.71588949,,A,2.08,1.397,1.7385
Soberanes Point,SBR,1,CA,2019,2019,4,105.86,41.52,16.96,25.3633,3817.70451,6.64359956,,A,2.091,1.019,1.555
Soberanes Point,SBR,1,CA,2019,2019,5,67.96,25.93,11.27,6.6808,1544.99027,4.32416963,,A,1.92,0.699,1.3095
Soberanes Point,SBR,1,CA,2019,2019,6,79.49,32.04,14.38,10.8084,2200.95359,4.91078051,,A,2.134,1.077,1.6055
Soberanes Point,SBR,1,CA,2019,2019,7,88.03,34.16,16.84,16.1507,2667.34839,6.05496457,,A,2.497,1.489,1.993
Soberanes Point,SBR,1,CA,2019,2019,8,91.51,33.95,16.12,17.148,2713.70094,6.3190456,,A,2.931,1.454,2.1925
Soberanes Point,SBR,1,CA,2019,2019,9,105.48,38.54,18.18,18.3357,3508.46363,5.2261337,,A,3.325,1.56,2.4425
Soberanes Point,SBR,1,CA,2019,2019,10,63.74,25.45,11.23,5.4919,1398.38641,3.9273122,,A,1.947,0.847,1.397
Soberanes Point,SBR,1,CA,2019,2019,11,98.44,40.42,19.34,24.7117,3468.16207,7.12530138,,A,3.415,1.586,2.5005
Soberanes Point,SBR,1,CA,2019,2019,12,79.51,33.73,16.18,13.7982,2630.36387,5.24573811,,A,2.761,0.913,1.837
Soberanes Point,SBR,1,CA,2019,2019,13,81.93,33.17,14.1,10.9164,5343.3864,2.0429741,,A,2.515,0.902,1.7085
Soberanes Point,SBR,1,CA,2019,2019,14,76.07,29.72,14.08,9.5803,2001.39621,4.78680831,,A,2.041,0.969,1.505
Soberanes Point,SBR,1,CA,2019,2019,15,75.11,30.93,12.68,7.631,1987.96386,3.83860097,,A,1.76,1.125,1.4425
Soberanes Point,SBR,1,CA,2019,2019,16,89.19,35.95,15.28,16.0631,2730.39726,5.88306332,,A,2.645,1.497,2.071
Soberanes Point,SBR,1,CA,2019,2019,17,87.27,31.02,15.72,14.1548,2378.36648,5.95147977,,A,2.104,0.909,1.5065
Soberanes Point,SBR,1,CA,2019,2019,18,108.35,39.92,17.46,27.8679,3717.05556,7.4973052,,A,2.672,1.464,2.068
Soberanes Point,SBR,1,CA,2019,2019,19,72.33,36.34,13.6,11.5242,2205.7474,5.22462364,,A,2.297,1.108,1.7025
Soberanes Point,SBR,1,CA,2019,2019,20,62.51,28.71,11.47,5.339,1515.08481,3.52389514,,A,1.471,0.9,1.1855
Soberanes Point,SBR,1,CA,2019,2019,21,51.89,25.18,9.3,4.1488,1094.25237,3.79144712,,A,1.786,1.154,1.47
Soberanes Point,SBR,1,CA,2019,2019,22,85.86,35.53,14.76,15.9897,2609.95492,6.12642766,,A,3.773,1.175,2.474
Soberanes Point,SBR,1,CA,2019,2019,23,57.41,26.38,9.41,3.9733,1270.84489,3.12650271,,A,1.459,1.029,1.244
Soberanes Point,SBR,1,CA,2019,2019,24,80.47,30.9,15.74,16.4834,2214.77016,7.44248786,,A,3.653,1.361,2.507
Soberanes Point,SBR,1,CA,2019,2019,25,87.44,35.19,16.47,15.1077,2706.51432,5.58197674,,A,2.353,1.494,1.9235
Soberanes Point,SBR,1,CA,2019,2019,26,78.01,32.94,14.94,13.2119,2234.56083,5.91252644,,A,3.119,1.412,2.2655
Soberanes Point,SBR,1,CA,2019,2019,27,103.24,36.75,16.13,23.3925,3378.93266,6.92304415,,A,2.735,1.592,2.1635
Soberanes Point,SBR,1,CA,2019,2019,28,85.82,34.55,13.72,15.3503,2494.74269,6.1530594,,A,2.341,0.945,1.643
Soberanes Point,SBR,1,CA,2019,2019,29,125.42,47.92,21.03,39.4928,5217.41468,7.56941942,,A,4.092,1.624,2.858
Soberanes Point,SBR,1,CA,2019,2019,30,65.69,26.87,11.2,5.3641,1529.4782,3.50714381,,A,1.476,0.611,1.0435
Soberanes Point,SBR,1,CA,2019,2019,31,78.76,31.82,12.78,10.0905,2113.75585,4.77373014,,A,1.934,0.968,1.451
Soberanes Point,SBR,1,CA,2019,2019,32,64.18,29.67,9.54,4.8734,1587.35395,3.07014072,,A,1.352,0.69,1.021
Soberanes Point,SBR,1,CA,2019,2019,33,72.11,30.18,11.3,8.1998,1828.51666,4.48439995,,A,1.788,1.063,1.4255
Soberanes Point,SBR,1,CA,2019,2019,34,90.65,36.83,17.99,18.7412,2947.43094,6.35848655,,A,2.589,1.406,1.9975
Soberanes Point,SBR,1,CA,2019,2019,35,71.93,29.62,11.86,7.1138,1810.23091,3.92977489,,A,1.512,0.917,1.2145
Soberanes Point,SBR,1,CA,2019,2019,36,79.88,27.02,12.58,10.2433,1855.31611,5.52105376,,A,1.764,0.951,1.3575
Soberanes Point,SBR,1,CA,2019,2019,37,58.02,23.18,8,4.8071,1135.8914,4.23200668,,A,1.755,1.02,1.3875
Soberanes Point,SBR,1,CA,2019,2019,38,61.09,26.24,9.69,4.4294,1345.39199,3.2922747,,A,1.478,0.855,1.1665
Soberanes Point,SBR,1,CA,2019,2019,39,72.59,29.45,13.62,9.9652,1854.14297,5.37455858,,A,2.393,1.281,1.837
Soberanes Point,SBR,1,CA,2019,2019,40,56.31,24.48,8.47,3.9228,1166.19715,3.36375371,,A,1.875,0.929,1.402
Soberanes Point,SBR,1,CA,2019,2019,41,67.31,26.23,12.46,6.535,1543.58931,4.23363907,,A,1.537,0.836,1.1865
Soberanes Point,SBR,1,CA,2019,2019,42,85.92,31.36,13.66,11.0765,2313.56395,4.78763511,,A,1.662,0.931,1.2965
Soberanes Point,SBR,1,CA,2019,2019,43,49.73,21.87,8.34,3.365,932.754917,3.60759288,,A,1.854,1.024,1.439
Soberanes Point,SBR,1,CA,2019,2019,44,61.23,25.4,9.62,4.5613,1303.94833,3.49806807,,A,1.616,1.072,1.344
Soberanes Point,SBR,1,CA,2019,2019,45,51.34,21.75,8.35,3.5946,951.359541,3.77838225,,A,2.073,1.077,1.575
Soberanes Point,SBR,1,CA,2019,2019,46,65.5,24.49,11.31,5.9369,1398.47165,4.24527735,,A,2.014,0.665,1.3395
Soberanes Point,SBR,1,CA,2019,2019,47,55.8,26.51,9.87,5.3622,1250.67232,4.28745397,,A,1.824,1.065,1.4445
Soberanes Point,SBR,1,CA,2019,2019,48,49.28,21.04,8.6,3.5324,878.661191,4.02020715,,A,1.763,1.056,1.4095
Soberanes Point,SBR,1,CA,2019,2019,49,55.7,24.77,9.15,3.6802,1150.86093,3.19777994,,A,1.371,0.841,1.106
Soberanes Point,SBR,1,CA,2019,2019,50,51.76,22.6,7.88,2.7405,972.341013,2.81845563,,A,1.277,0.702,0.9895
Soberanes Point,SBR,1,CA,2019,2019,51,83.24,33.66,14.3,13.7422,2398.05988,5.73054915,,A,2.625,1.36,1.9925
Soberanes Point,SBR,1,CA,2019,2019,52,78.51,34.92,13.9,14.7365,2348.27583,6.27545529,,A,2.324,1.41,1.867
Soberanes Point,SBR,1,CA,2019,2019,53,68.02,27.34,9.93,5.8306,1563.00531,3.7303776,,A,1.741,0.954,1.3475
Soberanes Point,SBR,1,CA,2019,2019,54,98.07,37.8,15.82,18.7573,3135.98592,5.98130874,,A,2.1,1.02,1.56
Soberanes Point,SBR,1,CA,2019,2019,55,86.57,36.04,16.81,13.3857,2730.83084,4.90169504,,A,2.006,0.848,1.427
Soberanes Point,SBR,1,CA,2019,2019,56,97.32,39.31,17.27,18.5769,3304.03007,5.62249725,,A,2.458,1.229,1.8435
Soberanes Point,SBR,1,CA,2019,2019,57,95.03,33.87,16.8,19.7414,2815.73823,7.01109209,,A,2.726,1.592,2.159
Soberanes Point,SBR,1,CA,2019,2019,58,66.18,28.3,12.12,5.7601,1595.41281,3.61041353,,A,1.611,0.531,1.071
Soberanes Point,SBR,1,CA,2019,2019,59,80.88,32.84,12.97,9.5585,2247.38352,4.25316816,,A,1.622,0.932,1.277
Soberanes Point,SBR,1,CA,2019,2019,60,93.13,34.88,14.33,15.1797,2780.82727,5.45869935,,A,2.545,0.877,1.711
Soberanes Point,SBR,1,CA,2019,2019,61,78.15,32.86,13.81,11.0959,2186.9493,5.07368871,,A,2.479,1.124,1.8015
Soberanes Point,SBR,1,CA,2019,2019,62,60.1,24.12,9.92,4.3451,1223.66369,3.55089394,,A,1.565,1.012,1.2885
Soberanes Point,SBR,1,CA,2019,2019,63,68.95,30.37,10.8,6.7263,1747.84364,3.84834195,,A,1.531,0.898,1.2145
Soberanes Point,SBR,1,CA,2019,2019,64,81.34,33.66,15.04,9.7055,2359.5671,4.1132545,,A,1.591,0.988,1.2895
Soberanes Point,SBR,1,CA,2019,2019,65,74.42,30.39,14.15,10.6568,2005.65536,5.31337548,,A,2.294,0.912,1.603
Soberanes Point,SBR,1,CA,2019,2019,66,70.23,28.8,13.7,8.9544,1750.18249,5.11626649,,A,2.234,1.062,1.648
Soberanes Point,SBR,1,CA,2019,2019,67,72.27,29.19,11.56,7.827,1797.56024,4.35423515,,A,2.14,0.938,1.539
Soberanes Point,SBR,1,CA,2019,2019,68,86.83,34.82,15.99,14.8214,2597.96718,5.70499894,,A,2.889,1.431,2.16
Soberanes Point,SBR,1,CA,2019,2019,69,57.84,26.56,10.25,4.2832,1298.28722,3.29911589,,A,1.466,0.817,1.1415
Soberanes Point,SBR,1,CA,2019,2019,70,58.33,23.03,10.05,4.636,1158.03759,4.00332429,,A,1.888,0.923,1.4055
Soberanes Point,SBR,1,CA,2019,2019,71,74.66,29.63,13.79,10.1534,1911.53039,5.31166024,,A,2.048,1.035,1.5415
Soberanes Point,SBR,1,CA,2019,2019,72,55.52,25.18,9.07,3.0844,1169.19498,2.63805443,,A,1.305,0.687,0.996
Soberanes Point,SBR,1,CA,2019,2019,73,80.03,30.65,12.09,8.6391,2054.03351,4.2059197,,A,1.868,1.167,1.5175
Soberanes Point,SBR,1,CA,2019,2019,74,62.22,27.78,9.91,6.0756,1448.49405,4.19442523,,A,2.277,1.473,1.875
Soberanes Point,SBR,1,CA,2019,2019,75,68.69,27.22,12.3,7.1983,1609.50913,4.47235737,,A,1.644,0.942,1.293
Soberanes Point,SBR,1,CA,2019,2019,76,92.31,35.44,12.78,13.2237,2743.4048,4.82017819,,A,2.057,1.142,1.5995
Soberanes Point,SBR,1,CA,2019,2019,77,77.39,29.23,12.74,12.6168,1927.5366,6.54555665,,A,2.44,1.322,1.881
Soberanes Point,SBR,1,CA,2019,2019,78,98.28,42.26,17.75,19.9227,3537.28252,5.63220492,,A,2.781,1.182,1.9815
Soberanes Point,SBR,1,CA,2019,2019,79,80.41,33.77,12.2,13.5182,2245.82045,6.01927015,,A,3.264,1.338,2.301
Soberanes Point,SBR,1,CA,2019,2019,80,58.48,25.55,10.32,4.4936,1272.35835,3.53170944,,A,1.472,0.877,1.1745
Soberanes Point,SBR,1,CA,2019,2019,81,88.87,37.51,16.63,15.6033,2901.93882,5.37685353,,A,2.943,1.071,2.007
Soberanes Point,SBR,1,CA,2019,2019,82,69.77,29.78,13.34,8.3216,1797.62657,4.62921506,,A,1.754,1.146,1.45
Soberanes Point,SBR,1,CA,2019,2019,83,67.71,29.08,13.38,10.6686,1703.13818,6.26408365,,A,2.318,1.52,1.919
Soberanes Point,SBR,1,CA,2019,2019,84,68.82,29.32,12.16,8.611,1740.8544,4.9464217,,A,2.462,1.443,1.9525
Soberanes Point,SBR,1,CA,2019,2019,85,61.48,29.29,10.37,5.2296,1499.17516,3.48831821,,A,1.891,0.91,1.4005
Soberanes Point,SBR,1,CA,2019,2019,86,73.19,31.38,14.47,10.3968,1965.80987,5.2888126,,A,1.923,1.115,1.519
Soberanes Point,SBR,1,CA,2019,2019,87,71.34,29.01,12.95,9.5016,1795.48592,5.29193791,,A,2.031,1.14,1.5855
Soberanes Point,SBR,1,CA,2019,2019,88,88.2,34.33,15.16,16.8047,2586.6117,6.49680043,,A,2.997,1.323,2.16
Soberanes Point,SBR,1,CA,2019,2019,89,65.83,27.13,12.8,7.341,1584.47715,4.63307408,,A,2.11,1.31,1.71
Soberanes Point,SBR,1,CA,2019,2019,90,108.17,41.34,22.03,27.0481,4016.10704,6.73490516,,A,3.316,1.397,2.3565
Soberanes Point,SBR,1,CA,2019,2019,91,55.09,23.49,10.23,4.1373,1113.55308,3.71540439,,A,1.683,1.12,1.4015
Soberanes Point,SBR,1,CA,2019,2019,92,58.68,27.47,12.35,6.3303,1398.40966,4.52678509,,A,2.024,1.064,1.544
Soberanes Point,SBR,1,CA,2019,2019,93,72.85,29.21,13.21,8.4411,1858.29517,4.54238926,,A,1.888,1.038,1.463
Soberanes Point,SBR,1,CA,2019,2019,94,64.38,27.71,12.07,5.1996,1535.20692,3.38690501,,A,1.419,0.929,1.174
Soberanes Point,SBR,1,CA,2019,2019,95,64.16,26.99,12.82,7.1763,1519.7343,4.72207542,,A,1.412,0.921,1.1665
Soberanes Point,SBR,1,CA,2019,2019,96,56.84,24.87,11.31,5.7011,1233.95349,4.62019035,,A,2.274,1.104,1.689
Soberanes Point,SBR,1,CA,2019,2019,97,59.81,26.47,11.11,5.1299,1371.14139,3.74133552,,A,1.329,0.984,1.1565
Soberanes Point,SBR,1,CA,2019,2019,98,55.73,25.81,10.94,4.5211,1242.15271,3.6397296,,A,1.68,0.85,1.265
Soberanes Point,SBR,1,CA,2019,2019,99,69.31,27.9,12.05,6.1497,1427.27509,4.30869988,,A,1.557,0.981,1.269
Soberanes Point,SBR,1,CA,2019,2019,100,61.63,24.89,12.37,6.5863,1375.79238,4.78727758,,A,1.738,1.075,1.4065
Soberanes Point,SBR,1,CA,2019,2019,101,66.67,25.81,12.65,6.8495,1519.42134,4.50796617,,A,1.841,1.103,1.472
Soberanes Point,SBR,1,CA,2019,2019,102,101.64,42.36,18.9,23.5821,3721.06403,6.3374615,,A,2.627,1.339,1.983
Soberanes Point,SBR,1,CA,2019,2019,103,70.06,28.81,14.44,7.752,1787.32405,4.33721015,,A,1.559,0.937,1.248
Soberanes Point,SBR,1,CA,2019,2019,104,53.16,22.89,10.01,3.8117,1045.18504,3.64691404,,A,1.634,0.996,1.315
Malpaso Creek,MP,2,CA,2019,2019,105,80.27,28.81,14.4,10.6678,2049.22174,5.2057812,,A,2.242,0.707,1.4745
Malpaso Creek,MP,2,CA,2019,2019,106,83.42,35.74,14.12,11.5938,2598.10211,4.46241122,,A,2.506,1.291,1.8985
Malpaso Creek,MP,2,CA,2019,2019,107,61.69,26.2,11.24,4.9674,1364.85733,3.63950129,,A,1.669,0.871,1.27
Malpaso Creek,MP,2,CA,2019,2019,108,75.41,28.81,11.76,7.7453,1895.56991,4.0860007,,A,2.102,0.908,1.505
Malpaso Creek,MP,2,CA,2019,2019,109,100.15,38.54,16,19.9631,3319.27267,6.01429951,,A,2.603,1.345,1.974
Malpaso Creek,MP,2,CA,2019,2019,110,69.52,28.71,11.67,6.7157,1678.76814,4.00037375,,A,1.831,0.894,1.3625
Malpaso Creek,MP,2,CA,2019,2019,111,86.72,35.31,12.74,13.0113,2564.60523,5.07341242,,A,2.031,1.2,1.6155
Malpaso Creek,MP,2,CA,2019,2019,112,113.44,38.78,16.45,25.0406,3709.10491,6.75111668,,A,2.185,1.497,1.841
Malpaso Creek,MP,2,CA,2019,2019,113,72.32,27.93,11.9,7.1814,1761.76589,4.07625102,,A,1.931,1.211,1.571
Malpaso Creek,MP,2,CA,2019,2019,114,82.21,31.43,12.91,11.0958,2191.89082,5.0622047,,A,2.34,1.26,1.8
Malpaso Creek,MP,2,CA,2019,2019,115,77.22,28.11,13.48,9.5232,1888.96128,5.0415009,,A,2.143,1.059,1.601
Malpaso Creek,MP,2,CA,2019,2019,116,85.77,31.66,15.07,15.8297,2398.31655,6.60033806,,A,2.736,1.523,2.1295
Malpaso Creek,MP,2,CA,2019,2019,117,61.11,25.51,10.49,4.382,1287.55411,3.40335212,,A,1.657,1.023,1.34
Malpaso Creek,MP,2,CA,2019,2019,118,76.24,34.15,12.31,8.57,2145.5143,3.99438027,,A,2.213,1.066,1.6395
Malpaso Creek,MP,2,CA,2019,2019,119,73.44,28.42,12.63,7.5327,1786.20582,4.21715119,,A,1.804,1.168,1.486
Malpaso Creek,MP,2,CA,2019,2019,120,81.92,33.39,13.46,9.8582,2344.48781,4.20484166,,A,1.525,0.81,1.1675
Malpaso Creek,MP,2,CA,2019,2019,121,94.04,35.62,15.34,15.8739,2862.15202,5.54614147,,A,2.849,1.213,2.031
Malpaso Creek,MP,2,CA,2019,2019,122,73.06,27.7,12.24,7.8766,1771.47179,4.44635927,,A,2.421,1.306,1.8635
Malpaso Creek,MP,2,CA,2019,2019,123,95.55,37.6,16.09,17.1777,3042.01794,5.64681088,,A,3.109,1.27,2.1895
Malpaso Creek,MP,2,CA,2019,2019,124,118.76,40.47,21.35,31.074,4266.11599,7.28390885,,A,3.574,1.391,2.4825
Malpaso Creek,MP,2,CA,2019,2019,125,81.43,34.07,14.58,12.732,2410.89286,5.28103103,,A,2.163,0.455,1.309
Malpaso Creek,MP,2,CA,2019,2019,126,91.98,33.28,17.96,17.7642,2786.97197,6.37401458,,A,2.885,1.728,2.3065
Malpaso Creek,MP,2,CA,2019,2019,127,104.44,35.53,17,20.8385,3214.9425,6.48176445,,A,2.814,1.456,2.135
Malpaso Creek,MP,2,CA,2019,2019,128,102.86,39.34,17.68,20.6616,3508.37315,5.88922532,,A,2.301,1.354,1.8275
Malpaso Creek,MP,2,CA,2019,2019,129,95.38,33.45,16.01,15.7461,2785.99218,5.65188234,,A,2.15,1.272,1.711
Malpaso Creek,MP,2,CA,2019,2019,130,64.47,27.28,10.68,6.2393,1501.10937,4.1564593,,A,1.866,1.199,1.5325
Malpaso Creek,MP,2,CA,2019,2019,131,75.07,33.26,10.81,7.9542,2089.45859,3.80682347,,A,1.842,0.959,1.4005
Malpaso Creek,MP,2,CA,2019,2019,132,78.32,30.98,12.55,8.4168,2023.88063,4.1587433,,A,1.645,0.785,1.215
Malpaso Creek,MP,2,CA,2019,2019,133,56.46,23.26,8.97,3.6391,1137.08338,3.20038096,,A,1.484,0.965,1.2245
Malpaso Creek,MP,2,CA,2019,2019,134,70.98,27.31,11.52,6.522,1673.47629,3.8972766,,A,1.717,0.902,1.3095
Malpaso Creek,MP,2,CA,2019,2019,135,79.11,33.76,11.52,8.758,2241.64494,3.90695237,,A,2.044,1.039,1.5415
Malpaso Creek,MP,2,CA,2019,2019,136,74.45,27.96,13.7,8.7443,1826.1412,4.788403,,A,2.133,1.2,1.6665
Malpaso Creek,MP,2,CA,2019,2019,137,91.17,33.34,13.28,10.6861,2588.37975,4.12849003,,A,1.75,1.086,1.418
Malpaso Creek,MP,2,CA,2019,2019,138,70.13,25.31,10.22,6.1912,1514.83104,4.08705646,,A,1.664,0.909,1.2865
Malpaso Creek,MP,2,CA,2019,2019,139,80.49,30.87,12.38,8.7601,2164.08992,4.04793716,,A,2.247,0.966,1.6065
Malpaso Creek,MP,2,CA,2019,2019,140,106.89,37.07,17.88,26.2148,3453.54735,7.59068788,,A,3.382,1.702,2.542
Malpaso Creek,MP,2,CA,2019,2019,141,69.23,28.45,11.62,7.745,1670.72761,4.63570479,,A,2.373,0.947,1.66
Malpaso Creek,MP,2,CA,2019,2019,142,69.56,31.01,11.83,6.7597,1816.65744,3.72095467,,A,1.722,0.965,1.3435
Malpaso Creek,MP,2,CA,2019,2019,143,100.21,37.1,14.96,18.6465,3174.91292,5.87307447,,A,2.734,1.134,1.934
Malpaso Creek,MP,2,CA,2019,2019,144,96.01,42.24,14.86,15.2937,3387.18978,4.51515887,,A,1.85,0.869,1.3595
Malpaso Creek,MP,2,CA,2019,2019,145,67.11,28.18,14.64,7.1893,1682.8788,4.27202482,,A,1.569,0.965,1.267
Malpaso Creek,MP,2,CA,2019,2019,146,86.7,31.75,13.38,11.9414,2372.1157,5.03407148,,A,2.392,0.994,1.693
Malpaso Creek,MP,2,CA,2019,2019,147,52.98,22.91,8.2,3.4739,1023.70337,3.39346346,,A,2.178,0.933,1.5555
Malpaso Creek,MP,2,CA,2019,2019,148,69.86,29.8,11.09,6.0306,1770.95368,3.40528386,,A,1.547,0.798,1.1725
Malpaso Creek,MP,2,CA,2019,2019,149,95.21,33.02,16.74,16.861,2773.76248,6.07874688,,A,3.018,1.524,2.271
Malpaso Creek,MP,2,CA,2019,2019,150,72.45,27.34,11.86,7.8127,1699.55596,4.59690659,,A,2.2,1.066,1.633
Malpaso Creek,MP,2,CA,2019,2019,151,58.04,25.8,8.92,3.9126,1258.19067,3.10970356,,A,1.753,0.894,1.3235
Malpaso Creek,MP,2,CA,2019,2019,152,89.58,35.72,13.63,15.3735,2689.45664,5.7162104,,A,2.672,1.184,1.928
Malpaso Creek,MP,2,CA,2019,2019,153,113.73,37.78,21.39,28.8672,3879.78227,7.44041753,,A,3.039,1.689,2.364
Malpaso Creek,MP,2,CA,2019,2019,154,54.91,23.21,9.29,3.3194,1089.17961,3.04761489,,A,1.497,0.727,1.112
Malpaso Creek,MP,2,CA,2019,2019,155,72.92,29.36,11.44,8.6355,1819.99822,4.74478485,,A,2.327,1.3,1.8135
Malpaso Creek,MP,2,CA,2019,2019,156,61.55,26.73,10.78,4.7026,1394.17322,3.37303855,,A,1.961,0.94,1.4505
Malpaso Creek,MP,2,CA,2019,2019,157,59.92,24.37,9.16,4.1944,1238.08987,3.3877993,,A,1.816,0.959,1.3875
Malpaso Creek,MP,2,CA,2019,2019,158,64.73,29.36,11.8,6.7781,1627.71479,4.1641816,,A,1.41,0.97,1.19
Malpaso Creek,MP,2,CA,2019,2019,159,57.93,24.67,9.4,3.5245,1180.84128,2.98473645,,A,1.476,0.79,1.133
Malpaso Creek,MP,2,CA,2019,2019,160,59.94,26.12,9.47,5.4093,1303.15235,4.15093447,,A,1.692,0.691,1.1915
Malpaso Creek,MP,2,CA,2019,2019,161,69.72,28.39,10.94,7.0491,1670.9548,4.21860603,,A,1.636,0.914,1.275
Malpaso Creek,MP,2,CA,2019,2019,162,66.71,28.01,11.38,5.7527,1586.68536,3.62560855,,A,1.29,0.781,1.0355
Malpaso Creek,MP,2,CA,2019,2019,163,79.58,31.95,12.46,9.5752,2163.59592,4.42559534,,A,2.036,1.164,1.6
Malpaso Creek,MP,2,CA,2019,2019,164,52.58,22.94,8.61,3.3329,993.125177,3.35597171,,A,1.364,0.938,1.151
Malpaso Creek,MP,2,CA,2019,2019,165,54.5,23.18,9.74,3.3077,1082.15828,3.0565769,,A,1.502,0.96,1.231
Malpaso Creek,MP,2,CA,2019,2019,166,60.76,26.27,10.39,4.279,1334.37611,3.20674206,,A,1.359,0.758,1.0585
Malpaso Creek,MP,2,CA,2019,2019,167,58.6,25.7,9.48,4.1089,1258.79097,3.26416386,,A,1.709,0.88,1.2945
Malpaso Creek,MP,2,CA,2019,2019,168,75.31,31.67,14.75,11.3054,2068.06694,5.4666509,,A,2.348,1.453,1.9005
Malpaso Creek,MP,2,CA,2019,2019,169,60.9,26.61,10.62,4.5888,1383.49636,3.31681394,,A,1.569,0.971,1.27
Malpaso Creek,MP,2,CA,2019,2019,170,79.55,31.97,13.61,10.6848,2162.03993,4.94199939,,A,1.626,1.03,1.328
Malpaso Creek,MP,2,CA,2019,2019,171,53.73,23.03,8.71,3.1091,1051.46474,2.95692273,,A,1.988,0.888,1.438
Malpaso Creek,MP,2,CA,2019,2019,172,56.69,24.66,8.51,3.8426,1147.65793,3.34821022,,A,1.657,1.011,1.334
Malpaso Creek,MP,2,CA,2019,2019,173,80.85,31.46,13.07,12.3784,2179.10077,5.68050829,,A,2.562,1.499,2.0305
Malpaso Creek,MP,2,CA,2019,2019,174,94.85,37.62,15.17,17.1803,3115.0081,5.51533075,,A,2.417,0.708,1.5625
Malpaso Creek,MP,2,CA,2019,2019,175,53.76,22.26,8.85,2.7822,1027.50182,2.70773244,,A,1.459,0.612,1.0355
Malpaso Creek,MP,2,CA,2019,2019,176,67.58,26.31,11.89,6.5944,1545.79949,4.26601254,,A,1.845,0.942,1.3935
Malpaso Creek,MP,2,CA,2019,2019,177,67.01,28.21,9.2,5.2271,1570.18334,3.32897432,,A,1.838,0.88,1.359
Malpaso Creek,MP,2,CA,2019,2019,178,52.64,22.89,8.21,3.0007,1014.15444,2.95881957,,A,1.749,1.173,1.461
Malpaso Creek,MP,2,CA,2019,2019,179,73.09,29.41,12.62,7.1649,1845.67403,3.88199643,,A,1.75,0.859,1.3045
Malpaso Creek,MP,2,CA,2019,2019,180,68.14,27.39,11.76,7.8759,1608.65531,4.89595251,,A,2.847,1.245,2.046
Malpaso Creek,MP,2,CA,2019,2019,181,104.91,36.43,18.35,19.7715,3372.1578,5.86315979,,A,2.814,1.422,2.118
Malpaso Creek,MP,2,CA,2019,2019,182,51.14,24.03,7.88,3.1099,969.48818,3.20777505,,A,1.555,0.882,1.2185
Malpaso Creek,MP,2,CA,2019,2019,183,72.65,31.68,11.81,7.0997,1909.95227,3.7172133,,A,1.33,0.515,0.9225
Malpaso Creek,MP,2,CA,2019,2019,184,88.43,34.61,13.88,10.5446,2606.16421,4.04602288,,A,1.759,0.811,1.285
Malpaso Creek,MP,2,CA,2019,2019,185,61.7,24.37,10.6,4.6342,1299.20023,3.56696364,,A,2.231,0.82,1.5255
Malpaso Creek,MP,2,CA,2019,2019,186,60.59,23.96,10.47,4.4929,1237.59355,3.63035182,,A,1.623,1.268,1.4455
Malpaso Creek,MP,2,CA,2019,2019,187,75.78,31.08,12.5,9.1111,1993.69944,4.56994661,,A,2.223,0.968,1.5955
Malpaso Creek,MP,2,CA,2019,2019,188,55.97,25.08,9.91,3.4958,1186.49046,2.94633637,,A,1.462,0.787,1.1245
Malpaso Creek,MP,2,CA,2019,2019,189,67.69,26.97,10.77,6.0788,1550.68781,3.92006693,,A,1.4,0.902,1.151
Malpaso Creek,MP,2,CA,2019,2019,190,84.82,28.04,14.38,12.2298,2104.81151,5.81040151,,A,2.141,1.012,1.5765
Malpaso Creek,MP,2,CA,2019,2019,191,87.61,36.51,15.41,14.7404,2754.48295,5.35142176,,A,3.336,1.528,2.432
Malpaso Creek,MP,2,CA,2019,2019,192,57.39,22.74,9.5,3.4353,1140.0686,3.01323973,,A,1.329,0.773,1.051
Malpaso Creek,MP,2,CA,2019,2019,193,69.66,26.88,12.74,7.3428,1640.12256,4.47698249,,A,2.528,1.03,1.779
Malpaso Creek,MP,2,CA,2019,2019,194,76.39,30.64,13.77,8.5157,2045.70566,4.16272007,,A,2.421,0.962,1.6915
Malpaso Creek,MP,2,CA,2019,2019,195,84.12,33.07,12.19,10.1611,2378.79915,4.27152498,,A,2.2,0.908,1.554
Malpaso Creek,MP,2,CA,2019,2019,196,72.44,26.27,12.27,9.1513,1661.00923,5.50948172,,A,2.655,1.056,1.8555
Malpaso Creek,MP,2,CA,2019,2019,197,89.76,33.18,15.09,12.9275,2559.73353,5.05033038,,A,2.232,1.082,1.657
Malpaso Creek,MP,2,CA,2019,2019,198,60.78,23.52,9.31,5.0431,1227.04903,4.10994171,,A,1.967,1.265,1.616
Malpaso Creek,MP,2,CA,2019,2019,199,71.59,28.75,10.01,7.3061,1703.09171,4.28990403,,A,1.643,1.175,1.409
Malpaso Creek,MP,2,CA,2019,2019,200,76.4,30.32,11.43,9.0649,1947.73749,4.6540666,,A,1.939,1.357,1.648
Malpaso Creek,MP,2,CA,2019,2019,201,54.14,23.55,8.43,3.0313,1038.59789,2.91864642,,A,1.596,0.93,1.263
Malpaso Creek,MP,2,CA,2019,2019,202,76.71,33.87,13.32,10.6177,2220.17677,4.78236695,,A,2.334,1.32,1.827
Malpaso Creek,MP,2,CA,2019,2019,203,56.59,25.15,9.53,4.3061,1211.83811,3.55336241,,A,1.874,0.86,1.367
Malpaso Creek,MP,2,CA,2019,2019,204,71.11,27.33,11.38,8.0326,1656.32701,4.84964621,,A,2.633,1.075,1.854
Cape Arago,ARA,6,OR,2019,2019,205,68.41,26.93,10.94,5.9507,1566.92802,3.79768562,,A,1.578,0.841,1.2095
Cape Arago,ARA,6,OR,2019,2019,206,98.86,40.83,15.14,19.8642,3407.90559,5.82885866,,A,2.251,1.275,1.763
Cape Arago,ARA,6,OR,2019,2019,207,84.11,32.59,13.81,12.2209,2345.47451,5.2104169,,A,2.358,1.06,1.709
Cape Arago,ARA,6,OR,2019,2019,208,54.05,24.61,8.6,3.2574,1127.18102,2.88986412,,A,1.348,0.819,1.0835
Cape Arago,ARA,6,OR,2019,2019,209,70.63,28.95,12.79,7.9508,1770.57836,4.49051011,,A,1.996,1.001,1.4985
Cape Arago,ARA,6,OR,2019,2019,210,103.04,37.99,16.4,23.3901,3365.45895,6.95004764,,A,3.249,2.042,2.6455
Cape Arago,ARA,6,OR,2019,2019,211,52.25,24.4,7.94,2.9132,1039.06295,2.80368,,A,1.259,0.851,1.055
Cape Arago,ARA,6,OR,2019,2019,212,56.64,25.02,8.36,3.7533,1171.75983,3.20313079,,A,1.322,0.676,0.999
Cape Arago,ARA,6,OR,2019,2019,213,79.72,33.85,13.17,9.5991,2286.53538,4.19809817,,A,1.752,0.798,1.275
Cape Arago,ARA,6,OR,2019,2019,214,81.56,35.62,16.09,13.2493,2573.9764,5.14740539,,A,2.642,1.024,1.833
Cape Arago,ARA,6,OR,2019,2019,215,70.03,30.56,13.69,9.5912,1870.59509,5.12735228,,A,2.799,1.646,2.2225
Cape Arago,ARA,6,OR,2019,2019,216,95.81,37.51,15.37,19.163,3059.61489,6.26320654,,A,3.911,1.282,2.5965
Cape Arago,ARA,6,OR,2019,2019,217,75.38,33.39,12.45,8.6012,2145.60212,4.00875816,,A,2.142,1.018,1.58
Cape Arago,ARA,6,OR,2019,2019,218,79.16,32.45,11.92,8.2925,2160.45216,3.83831688,,A,2.187,1.194,1.6905
Cape Arago,ARA,6,OR,2019,2019,219,74.19,31.32,11.75,7.4921,1965.01374,3.81274688,,A,1.758,0.778,1.268
Cape Arago,ARA,6,OR,2019,2019,220,80.18,32.99,14.17,11.3521,2291.26848,4.9545045,,A,2.429,1.168,1.7985
Cape Arago,ARA,6,OR,2019,2019,221,59.62,25.48,9.67,4.8718,1276.19016,3.81745616,,A,1.614,0.895,1.2545
Cape Arago,ARA,6,OR,2019,2019,222,51.54,24.02,8.97,3.3929,1045.48973,3.24527338,,A,1.534,0.844,1.189
Cape Arago,ARA,6,OR,2019,2019,223,73.36,31.15,11.62,6.4939,1946.55047,3.33610666,,A,1.502,0.787,1.1445
Cape Arago,ARA,6,OR,2019,2019,224,97.46,35.75,15.74,17.7308,2987.82141,5.93435737,,A,2.462,1.86,2.161
Cape Arago,ARA,6,OR,2019,2019,225,70.88,27.96,12.14,8.7113,1721.49658,5.06030632,,A,2.125,1.403,1.764
Cape Arago,ARA,6,OR,2019,2019,226,115.15,38.23,16.87,26.4709,3814.50624,6.93953512,,A,2.674,1.259,1.9665
Cape Arago,ARA,6,OR,2019,2019,227,62.74,25.86,10.3,4.444,1392.34852,3.19172961,,A,1.576,0.932,1.254
Cape Arago,ARA,6,OR,2019,2019,228,74.57,28.73,12.52,8.086,1828.10231,4.42316601,,A,2.472,0.934,1.703
Cape Arago,ARA,6,OR,2019,2019,229,101.76,3.66,17.22,23.6266,3257.26118,7.25351721,,A,3.164,1.867,2.5155
Cape Arago,ARA,6,OR,2019,2019,230,69.42,29.59,13.13,8.4818,1817.12634,4.66769966,,A,2.175,0.939,1.557
Cape Arago,ARA,6,OR,2019,2019,231,63.87,28.06,9.81,5.7221,1493.00157,3.83261487,,A,1.988,1.02,1.504
Cape Arago,ARA,6,OR,2019,2019,232,59.75,27.33,11.69,6.2712,1411.2069,4.44385581,,A,1.745,1.148,1.4465
Cape Arago,ARA,6,OR,2019,2019,233,97.21,37.64,15,19.7076,3103.36789,6.35039116,,A,2.783,1.647,2.215
Cape Arago,ARA,6,OR,2019,2019,234,49.03,23.22,7.37,2.7972,950.854613,2.94177465,,A,1.395,0.943,1.169
Cape Arago,ARA,6,OR,2019,2019,235,56.04,26.48,8.98,2.7573,1239.01753,2.22539225,,A,1.318,0.572,0.945
Cape Arago,ARA,6,OR,2019,2019,236,60.29,24.89,8.77,4.5827,1256.48311,3.6472436,,A,1.56,0.798,1.179
Cape Arago,ARA,6,OR,2019,2019,237,113.04,42.86,16.69,28.5492,4070.19379,7.01421147,,A,2.934,1.84,2.387
Cape Arago,ARA,6,OR,2019,2019,238,58.98,25.41,9.52,4.2749,1254.17619,3.40853227,,A,1.317,0.816,1.0665
Cape Arago,ARA,6,OR,2019,2019,239,67.31,29.68,13.39,7.794,1744.63116,4.46741992,,A,1.659,0.982,1.3205
Cape Arago,ARA,6,OR,2019,2019,240,73.52,30.24,13.41,9.0902,1940.9033,4.68348937,,A,2.239,1.164,1.7015
Cape Arago,ARA,6,OR,2019,2019,241,105.77,41.28,22.01,31.5775,3952.6073,7.98903043,,A,3.092,1.895,2.4935
Cape Arago,ARA,6,OR,2019,2019,242,66.71,26.88,11.95,7.2784,1554.96023,4.68076279,,A,2.071,0.924,1.4975
Cape Arago,ARA,6,OR,2019,2019,243,55.61,25.55,9.32,4.2272,1200.55064,3.52105097,,A,1.55,0.91,1.23
Cape Arago,ARA,6,OR,2019,2019,244,103.91,38.58,14.74,16.902,3366.21803,5.02106513,,A,3.316,1.11,2.213
Cape Arago,ARA,6,OR,2019,2019,245,58.59,27.12,9.39,3.9794,1331.86771,2.98783429,,A,1.447,0.902,1.1745
Cape Arago,ARA,6,OR,2019,2019,246,85.24,32.63,12.86,9.8882,2336.21699,4.23256917,,A,1.502,0.803,1.1525
Cape Arago,ARA,6,OR,2019,2019,247,95.72,37.94,15.61,20.2546,3093.48779,6.54749635,,A,2.897,1.528,2.2125
Cape Arago,ARA,6,OR,2019,2019,248,80.3,30.61,13.66,9.5629,2148.06379,4.45186965,,A,1.855,0.759,1.307
Cape Arago,ARA,6,OR,2019,2019,249,89.39,36.68,14.34,11.682,2773.96321,4.21130315,,A,2.241,0.904,1.5725
Cape Arago,ARA,6,OR,2019,2019,250,98.58,35.23,18.24,19.2069,3108.39584,6.17903929,,A,2.324,1.223,1.7735
Cape Arago,ARA,6,OR,2019,2019,251,57.85,25.73,10.89,5.3914,1288.38622,4.18461477,,A,2.039,1.245,1.642
Cape Arago,ARA,6,OR,2019,2019,252,89.71,35.19,19.21,18.4006,2846.08885,6.46522333,,A,2.134,1.47,1.802
Cape Arago,ARA,6,OR,2019,2019,253,72.42,32.35,11.65,7.7435,1961.65723,3.94742765,,A,1.65,1,1.325
Cape Arago,ARA,6,OR,2019,2019,254,104.68,40.32,18.92,23.2639,3699.43338,6.28850357,,A,2.992,1.612,2.302
Cape Arago,ARA,6,OR,2019,2019,255,80.62,31.65,13.94,11.5123,2207.10503,5.21601819,,A,2.166,1.2,1.683
Cape Arago,ARA,6,OR,2019,2019,256,68.94,25.42,11.42,6.8856,1499.96172,4.59051714,,A,1.887,0.526,1.2065
Cape Arago,ARA,6,OR,2019,2019,257,98.21,32.29,16.87,15.4627,2833.43358,5.45723044,,A,3.215,1.215,2.215
Cape Arago,ARA,6,OR,2019,2019,258,113.72,37.42,19.87,22.0422,3820.31458,5.76973428,,A,2.252,1.297,1.7745
Cape Arago,ARA,6,OR,2019,2019,259,68.25,29.09,11.07,6.7965,1674.88363,4.05789387,,A,2.093,0.99,1.5415
Cape Arago,ARA,6,OR,2019,2019,260,93.21,36.21,14.03,15.4767,2829.80851,5.46916866,,A,3.293,1.428,2.3605
Cape Arago,ARA,6,OR,2019,2019,261,65.1,26.64,10.12,5.9723,1466.55393,4.07233574,,A,1.762,0.917,1.3395
Cape Arago,ARA,6,OR,2019,2019,262,96.02,33.31,16.42,16.3018,2811.16411,5.79894996,,A,1.559,1.246,1.4025
Cape Arago,ARA,6,OR,2019,2019,263,110.62,42.82,19.52,24.088,4125.65785,5.83858402,,A,2.589,1.197,1.893
Cape Arago,ARA,6,OR,2019,2019,264,70.59,26.89,10.82,6.3448,1610.74922,3.93903651,,A,2.021,0.732,1.3765
Cape Arago,ARA,6,OR,2019,2019,265,73.67,30.6,11.81,8.6052,1930.74944,4.45692218,,A,2.291,1.114,1.7025
Cape Arago,ARA,6,OR,2019,2019,266,82.42,33.05,12.84,13.2751,2310.01986,5.74674712,,A,3.122,1.245,2.1835
Cape Arago,ARA,6,OR,2019,2019,267,67.59,29.68,12.76,10.0625,1761.26212,5.71323251,,A,2.249,1.091,1.67
Cape Arago,ARA,6,OR,2019,2019,268,91.18,34.05,14.86,15.8521,2673.20268,5.93000303,,A,2.468,1.57,2.019
Cape Arago,ARA,6,OR,2019,2019,269,67.79,29.06,12.29,6.8294,1695.69562,4.02749169,,A,1.69,0.895,1.2925
Cape Arago,ARA,6,OR,2019,2019,270,68.21,28.19,11.89,5.8119,1641.76403,3.54003371,,A,1.566,1.004,1.285
Cape Arago,ARA,6,OR,2019,2019,271,85.36,31.56,14.07,11.689,1867.54859,6.25900715,,A,2.125,0.447,1.286
Cape Arago,ARA,6,OR,2019,2019,272,71.48,28.93,10.97,6.6742,1744.83569,3.82511663,,A,1.831,1.016,1.4235
Cape Arago,ARA,6,OR,2019,2019,273,85.75,34.81,14.29,13.8185,2552.42284,5.41387571,,A,2.441,1.245,1.843
Cape Arago,ARA,6,OR,2019,2019,274,86.56,32.63,13.99,11.7328,2415.98676,4.85631801,,A,2.142,0.899,1.5205
Cape Arago,ARA,6,OR,2019,2019,275,72.29,27.48,10.36,7.0923,1675.35362,4.23331523,,A,2.121,1.155,1.638
Cape Arago,ARA,6,OR,2019,2019,276,88.32,31.1,16.1,13.5596,2452.94667,5.52788209,,A,2.354,1.2,1.777
Cape Arago,ARA,6,OR,2019,2019,277,60.08,27.23,8.99,4.3446,1367.02632,3.17813925,,A,1.544,0.496,1.02
Cape Arago,ARA,6,OR,2019,2019,278,56.54,25.76,8.72,3.381,1211.45779,2.7908525,,A,1.583,0.705,1.144
Cape Arago,ARA,6,OR,2019,2019,279,76.73,30.95,12.88,9.2115,2029.71146,4.5383298,,A,2.145,0.777,1.461
Cape Arago,ARA,6,OR,2019,2019,280,100.04,36.82,15.42,17.8017,3190.76414,5.57913378,,A,3.14,1.663,2.4015
Cape Arago,ARA,6,OR,2019,2019,281,59.46,23.82,8.31,4.4187,1183.89315,3.73234696,,A,1.637,0.636,1.1365
Cape Arago,ARA,6,OR,2019,2019,282,65.14,28.1,10.83,6.1285,1549.29058,3.95568145,,A,1.764,1.023,1.3935
Cape Arago,ARA,6,OR,2019,2019,283,87.81,34.2,13.62,11.0061,2544.43341,4.32556024,,A,1.972,1.185,1.5785
Cape Arago,ARA,6,OR,2019,2019,284,69.91,30.42,10.78,6.3345,1772.35546,3.57405732,,A,1.66,0.828,1.244
Cape Arago,ARA,6,OR,2019,2019,285,84.37,31.64,14.65,13.3222,2323.91476,5.73265432,,A,2.72,1.141,1.9305
Cape Arago,ARA,6,OR,2019,2019,286,69.03,27.15,10.99,6.8067,1601.02182,4.25147235,,A,1.79,0.916,1.353
Cape Arago,ARA,6,OR,2019,2019,287,80.22,29.1,12.52,10.5305,2037.72047,5.16778436,,A,1.776,1.32,1.548
Cape Arago,ARA,6,OR,2019,2019,288,110.55,43.16,17.03,24.4092,4032.84406,6.052602,,A,2.996,1.644,2.32
Cape Arago,ARA,6,OR,2019,2019,289,72.44,31.74,11.52,7.9019,1933.92796,4.08593296,,A,1.624,0.916,1.27
Cape Arago,ARA,6,OR,2019,2019,290,82.75,31.68,13.93,12.503,2293.09529,5.45245548,,A,2.778,1.199,1.9885
Cape Arago,ARA,6,OR,2019,2019,291,112.79,42.29,16.13,23.0658,4029.6248,5.7240565,,A,2.407,1.115,1.761
Cape Arago,ARA,6,OR,2019,2019,292,75.68,29.48,11.9,8.5064,1895.48425,4.48771865,,A,1.675,0.753,1.214
Cape Arago,ARA,6,OR,2019,2019,293,53.32,22.28,8.16,2.6755,1026.12786,2.60737487,,A,1.161,0.691,0.926
Cape Arago,ARA,6,OR,2019,2019,294,53.82,24.43,9.6,3.985,1121.71164,3.55260645,,A,1.902,0.806,1.354
Cape Arago,ARA,6,OR,2019,2019,295,70.95,28.38,12.07,9.2355,1747.95355,5.28360722,,A,2.583,1.217,1.9
Cape Arago,ARA,6,OR,2019,2019,296,94.44,38.53,14.02,15.6132,3069.45436,5.08663696,,A,2.595,1.476,2.0355
Cape Arago,ARA,6,OR,2019,2019,297,138.01,47.67,27.26,59.7117,5993.04199,9.96350437,,A,4.375,2.29,3.3325
Van Damme,VD,4,CA,2019,2019,298,80.24,34.19,13.87,11.8642,2329.59979,5.09280609,,A,2.567,1.1,1.8335
Van Damme,VD,4,CA,2019,2019,299,64.73,31.72,11.55,6.7444,1728.88781,3.90100501,,A,1.489,0.948,1.2185
Van Damme,VD,4,CA,2019,2019,300,65.95,28.94,10.61,5.6633,1599.96068,3.53964949,,A,1.501,0.958,1.2295
Van Damme,VD,4,CA,2019,2019,301,80.81,33.88,11.76,8.9596,2280.27768,3.9291706,,A,1.571,1.006,1.2885
Van Damme,VD,4,CA,2019,2019,302,67.41,30.95,10.6,7.0847,1732.55965,4.08915214,,A,1.957,0.732,1.3445
Van Damme,VD,4,CA,2019,2019,303,71.78,31.12,11.8,7.6626,1876.05467,4.08442256,,A,2.135,0.93,1.5325
Van Damme,VD,4,CA,2019,2019,304,101.07,40.75,15.86,21.0659,3491.07771,6.03421113,,A,2.285,1.444,1.8645
Van Damme,VD,4,CA,2019,2019,305,69.58,32.57,10.98,7.0816,1878.43353,3.76994973,,A,1.913,0.89,1.4015
Van Damme,VD,4,CA,2019,2019,306,70.07,32.86,11.45,6.6296,1922.26935,3.4488403,,A,1.381,0.769,1.075
Van Damme,VD,4,CA,2019,2019,307,63.5,28.7,11.12,4.7199,1544.34448,3.05624817,,A,1.277,0.81,1.0435
Van Damme,VD,4,CA,2019,2019,308,76.41,33.93,12.51,9.4375,2169.6787,4.34972239,,A,1.941,0.885,1.413
Van Damme,VD,4,CA,2019,2019,309,81.7,36.39,13.37,10.8609,2487.43106,4.36631196,,A,1.913,1.012,1.4625
Van Damme,VD,4,CA,2019,2019,310,72.52,31.33,13.33,9.042,1950.02342,4.63686738,,A,2.958,1.147,2.0525
Van Damme,VD,4,CA,2019,2019,311,91.43,35.57,18.23,18.093,2851.86448,6.34427062,,A,1.401,3.027,2.214
Van Damme,VD,4,CA,2019,2019,312,114.03,44.79,19.57,27.8462,4348.09438,6.40423081,,A,2.538,1.109,1.8235
Van Damme,VD,4,CA,2019,2019,313,67.11,32.19,13,7.1623,1828.99195,3.91598224,,A,2.006,0.874,1.44
Van Damme,VD,4,CA,2019,2019,314,101.31,40.84,15.87,20.4095,3505.032,5.82291403,,A,2.374,1.002,1.688
Van Damme,VD,4,CA,2019,2019,315,61.54,26.88,11.98,5.3958,1399.59213,3.85526603,,A,2.292,0.842,1.567
Van Damme,VD,4,CA,2019,2019,316,101.59,43.33,15.99,19.4425,3655.93018,5.31807203,,A,1.93,1.13,1.53
Van Damme,VD,4,CA,2019,2019,317,67.32,31.99,10.32,6.2245,1761.63029,3.53337476,,A,1.812,1.053,1.4325
Van Damme,VD,4,CA,2019,2019,318,115.16,43.93,20.66,29.6904,4371.8096,6.79132961,,A,1.967,1.34,1.6535
Van Damme,VD,4,CA,2019,2019,319,88.31,39.51,15.11,16.1202,2923.3762,5.5142407,,A,2.803,1.435,2.119
Van Damme,VD,4,CA,2019,2019,320,62.17,28.54,8.5,4.0394,1468.09008,2.75146604,,A,1.129,0.669,0.899
Van Damme,VD,4,CA,2019,2019,321,70.89,31.17,12.04,7.8572,1844.82963,4.25903828,,A,1.432,0.881,1.1565
Van Damme,VD,4,CA,2019,2019,322,90.51,37.5,14.98,16.7997,2868.4731,5.85666988,,A,2.812,1.043,1.9275
Van Damme,VD,4,CA,2019,2019,323,82.61,38.09,14.18,11.5843,2645.68325,4.37856648,,A,1.864,1.12,1.492
Van Damme,VD,4,CA,2019,2019,324,89.14,38.27,13.6,12.5329,2855.30821,4.38933351,,A,2.323,1.198,1.7605
Van Damme,VD,4,CA,2019,2019,325,55.2,29.6,9.47,3.9197,1345.21496,2.91380939,,A,1.236,0.759,0.9975
Van Damme,VD,4,CA,2019,2019,326,57.46,28.09,9.41,4.3319,1351.09335,3.20621814,,A,1.399,0.902,1.1505
Van Damme,VD,4,CA,2019,2019,327,64.56,31.44,10.93,6.3187,1692.73715,3.73283,,A,1.659,1.028,1.3435
Van Damme,VD,4,CA,2019,2019,328,51.94,24.08,8.08,3.0133,1046.76867,2.87866849,,A,1.541,0.904,1.2225
Van Damme,VD,4,CA,2019,2019,329,63.07,25.67,12.34,7.9985,1425.64473,5.61044407,,A,1.894,1.204,1.549
Van Damme,VD,4,CA,2019,2019,330,67.52,30.55,13.77,7.7057,1794.40297,4.29429739,,A,1.675,0.661,1.168
Van Damme,VD,4,CA,2019,2019,331,103.75,44.03,19.07,27.9367,3917.24825,7.13171548,,A,4.645,1.567,3.106
Van Damme,VD,4,CA,2019,2019,332,64.38,30.65,9.94,5.2572,1631.77728,3.22176321,,A,1.404,0.865,1.1345
Van Damme,VD,4,CA,2019,2019,333,76.18,33.34,13.19,10.0279,2140.78821,4.68420928,,A,2.341,1.053,1.697
Van Damme,VD,4,CA,2019,2019,334,82.83,36.57,13.82,11.2881,2488.54086,4.53603161,,A,2.04,0.89,1.465
Van Damme,VD,4,CA,2019,2019,335,145.67,55.1,24.76,74.9495,6860.57212,10.924672,,A,4.45,1.56,3.005
Van Damme,VD,4,CA,2019,2019,336,60.75,30.84,11.23,6.9215,1576.27825,4.39103947,,A,2.195,1.11,1.6525
Van Damme,VD,4,CA,2019,2019,337,64.55,28.82,10.43,6.6706,1550.01845,4.30356168,,A,1.985,1,1.4925
Van Damme,VD,4,CA,2019,2019,338,82.63,34.56,15.07,12.3881,2491.64912,4.97184773,,A,2.046,1.157,1.6015
Van Damme,VD,4,CA,2019,2019,339,61.12,31.18,10.21,4.9516,1565.44997,3.16305222,,A,1.462,0.986,1.224
Van Damme,VD,4,CA,2019,2019,340,78.48,32.64,14.14,11.1509,2237.28585,4.98411948,,A,1.861,0.903,1.382
Van Damme,VD,4,CA,2019,2019,341,94.05,42.76,16.59,15.4104,3408.05363,4.52175983,,A,1.954,1.141,1.5475
Van Damme,VD,4,CA,2019,2019,342,157.8,54.26,31.09,79.9182,7801.79359,10.2435676,,A,4.815,1.271,3.043
Van Damme,VD,4,CA,2019,2019,343,61.48,29.76,10.96,5.1045,1549.77781,3.29369795,,A,1.574,1.004,1.289
Van Damme,VD,4,CA,2019,2019,344,92.76,33.32,16.45,16.0947,2698.95791,5.96330159,,A,2.505,1.307,1.906
Van Damme,VD,4,CA,2019,2019,345,134.96,48.58,24.56,55.8879,5739.42309,9.73754664,,A,3.984,1.778,2.881
Van Damme,VD,4,CA,2019,2019,346,54.62,26.38,8.89,3.5903,1201.67788,2.98773911,,A,1.416,0.811,1.1135
Van Damme,VD,4,CA,2019,2019,347,66.63,29.01,10.73,4.8953,1631.15817,3.00111914,,A,1.153,0.77,0.9615
Van Damme,VD,4,CA,2019,2019,348,79.28,34.81,12.08,9.4385,2294.60384,4.1133462,,A,1.671,0.939,1.305
Van Damme,VD,4,CA,2019,2019,349,97.52,43.05,16.89,19.3335,3490.25857,5.53927441,,A,2.886,1.43,2.158
Van Damme,VD,4,CA,2019,2019,350,61.38,29.65,11.19,5.2466,1534.98484,3.41801422,,A,1.667,0.906,1.2865
Van Damme,VD,4,CA,2019,2019,351,78.99,31.25,14.33,11.9513,2153.19231,5.55050282,,A,1.878,1.106,1.492
Van Damme,VD,4,CA,2019,2019,352,112.02,47.11,21.17,30.1407,4621.1185,6.52238197,,A,3.189,1.442,2.3155
Van Damme,VD,4,CA,2019,2019,353,53.06,25.47,9.59,3.5048,1139.85465,3.07477799,,A,1.641,0.602,1.1215
Van Damme,VD,4,CA,2019,2019,354,63.27,28.5,10.9,5.7101,1532.00286,3.72721236,,A,1.677,0.984,1.3305
Van Damme,VD,4,CA,2019,2019,355,88.68,37.6,14.13,12.3317,2808.84993,4.39030219,,A,1.872,0.961,1.4165
Van Damme,VD,4,CA,2019,2019,356,54.11,25.12,9.22,3.5683,1138.44523,3.13436246,,A,1.434,0.838,1.136
Van Damme,VD,4,CA,2019,2019,357,65.21,31.27,10.76,7.7225,1691.20217,4.56627844,,A,2.149,1.186,1.6675
Van Damme,VD,4,CA,2019,2019,358,82.29,39.68,13.95,12.6265,2704.13484,4.66933076,,A,2.176,1.003,1.5895
Van Damme,VD,4,CA,2019,2019,359,52.25,26.81,9.12,3.3803,1161.95112,2.90915853,,A,1.266,0.822,1.044
Van Damme,VD,4,CA,2019,2019,360,70.65,29.73,11.27,6.3657,1776.49197,3.58329793,,A,1.611,0.917,1.264
Van Damme,VD,4,CA,2019,2019,361,100.6,39.97,16.92,20.0097,3391.59925,5.89978313,,A,2.643,1.447,2.045
Van Damme,VD,4,CA,2019,2019,362,55.32,25.58,10.18,4.1231,1227.2773,3.35955045,,A,1.783,0.857,1.32
Van Damme,VD,4,CA,2019,2019,363,58.97,27.99,10.47,4.839,1391.57061,3.47736576,,A,2.069,0.992,1.5305
Van Damme,VD,4,CA,2019,2019,364,98.33,42.51,15.24,16.5727,3490.79565,4.7475423,,A,1.835,1.305,1.57
Van Damme,VD,4,CA,2019,2019,365,55.62,28.54,8.93,3.7562,1317.72625,2.85051619,,A,1.259,0.849,1.054
Van Damme,VD,4,CA,2019,2019,366,68.89,31.98,11.25,6.9886,1841.95984,3.79411095,,A,1.818,1.044,1.431
Van Damme,VD,4,CA,2019,2019,367,102.11,42.6,17.41,23.9994,3706.28554,6.47532407,,A,2.78,1.361,2.0705
Van Damme,VD,4,CA,2019,2019,368,89.44,37.91,13.72,12.2459,2785.46236,4.39636169,,A,1.893,0.754,1.3235
Van Damme,VD,4,CA,2019,2019,369,95.63,42.24,15.11,16.4441,3358.84798,4.89575595,,A,1.992,1.099,1.5455
Van Damme,VD,4,CA,2019,2019,370,59.23,26.67,8.59,4.1285,1320.49734,3.12647355,,A,1.698,0.934,1.316
Van Damme,VD,4,CA,2019,2019,371,84.03,33.13,13.94,10.0326,2368.76238,4.23537628,,A,2.29,0.981,1.6355
Van Damme,VD,4,CA,2019,2019,372,52.22,25.49,9.2,3.2325,1117.05946,2.89375823,,A,1.261,0.88,1.0705
Van Damme,VD,4,CA,2019,2019,373,59.75,27.66,9.4,3.8939,1397.82313,2.78568863,,A,1.305,0.768,1.0365
Van Damme,VD,4,CA,2019,2019,374,85.56,41,12.11,11.0392,2872.33833,3.84327984,,A,2.06,0.93,1.495
Van Damme,VD,4,CA,2019,2019,375,115.82,47.71,19.56,29.9186,4721.60818,6.33652748,,A,2.071,1.42,1.7455
Van Damme,VD,4,CA,2019,2019,376,76.69,34.75,14.69,9.813,2260.80174,4.3404956,,A,2.31,0.916,1.613
Van Damme,VD,4,CA,2019,2019,377,95.55,38.08,15.16,15.099,3049.34438,4.95155618,,A,1.618,0.843,1.2305
Van Damme,VD,4,CA,2019,2019,378,55.16,27.15,9.67,3.5106,1263.61544,2.77821867,,A,1.166,0.624,0.895
Van Damme,VD,4,CA,2019,2019,379,76.34,33.29,13.05,7.8048,2149.71223,3.63062549,,A,1.743,0.695,1.219
Van Damme,VD,4,CA,2019,2019,380,97.63,41.07,16.76,19.9383,3437.78978,5.79974382,,A,2.083,1.084,1.5835
Van Damme,VD,4,CA,2019,2019,381,55.31,24.09,7.53,2.7481,1101.78519,2.49422485,,A,1.021,0.67,0.8455
Van Damme,VD,4,CA,2019,2019,382,75.2,33.27,14.1,9.3291,2131.1252,4.37754666,,A,1.445,0.91,1.1775
Van Damme,VD,4,CA,2019,2019,383,107.64,44.95,18.73,22.0566,4099.77554,5.37995307,,A,2.181,1.387,1.784
Van Damme,VD,4,CA,2019,2019,384,52.68,24.18,8.78,3.6046,1061.32355,3.39632528,,A,1.674,0.907,1.2905
Van Damme,VD,4,CA,2019,2019,385,76.91,30.78,12.54,8.1401,2045.70539,3.97911646,,A,1.956,0.915,1.4355
Van Damme,VD,4,CA,2019,2019,386,105.98,37.88,20.78,26.8077,3581.36425,7.48533189,,A,2.913,1.648,2.2805
Van Damme,VD,4,CA,2019,2019,387,72.48,31.28,12.14,7.6416,1919.86085,3.98028848,,A,2.012,1.059,1.5355
Van Damme,VD,4,CA,2019,2019,388,73.38,32.57,11.19,6.5644,1993.50497,3.29289372,,A,1.311,0.87,1.0905
Van Damme,VD,4,CA,2019,2019,389,126.23,39.87,22.16,43.8414,4572.60385,9.5878413,,A,3.902,1.596,2.749
Van Damme,VD,4,CA,2019,2019,390,83.47,34.72,13.5,9.8595,2443.77175,4.03454209,,A,1.484,0.778,1.131
Van Damme,VD,4,CA,2019,2019,391,101.26,41.24,17.75,19.9359,3585.97005,5.55941621,,A,2.478,1.026,1.752
Van Damme,VD,4,CA,2019,2019,392,66.41,30.16,11.55,6.4667,1699.32819,3.80544503,,A,1.445,0.988,1.2165
Van Damme,VD,4,CA,2019,2019,393,97.63,36.83,15.57,15.6966,3072.24264,5.10916677,,A,2.175,1.111,1.643
Van Damme,VD,4,CA,2019,2019,394,118.89,53.7,20.46,33.6824,5458.44919,6.1706904,,A,2.788,1.56,2.174
Van Damme,VD,4,CA,2019,2019,395,56.52,26.58,9.89,4.173,1259.71238,3.31266094,,A,1.4,0.953,1.1765
Van Damme,VD,4,CA,2019,2019,396,59.95,28.45,11.7,6.0216,1450.7323,4.15073132,,A,2.264,1.01,1.637
Van Damme,VD,4,CA,2019,2019,397,75.07,35.98,13.32,9.0814,2296.21093,3.95495025,,A,1.794,1.149,1.4715
Van Damme,VD,4,CA,2019,2019,398,105.69,42.29,19.42,23.7897,3857.23289,6.16755604,,A,2.311,1.391,1.851
Van Damme,VD,4,CA,2019,2019,399,55.9,26.36,9.04,3.7386,1231.06415,3.0368848,,A,1.216,0.728,0.972
Van Damme,VD,4,CA,2019,2019,400,76.23,34.73,11.82,8.378,2236.23074,3.7464828,,A,2.039,0.907,1.473
Van Damme,VD,4,CA,2019,2019,401,110.22,42.46,17.79,22.1633,3973.12437,5.57830511,,A,2.633,1.111,1.872
Bodega Head,BH,3,CA,2019,2019,402,94.4,40.08,16.29,16.4394,3226.84821,5.09456873,,A,2.34,1.117,1.7285
Bodega Head,BH,3,CA,2019,2019,403,124.12,43.63,17.89,34.9688,4633.41583,7.54708864,,A,3.278,1.59,2.434
Bodega Head,BH,3,CA,2019,2019,404,72.95,33.65,11.7,8.3371,2045.21471,4.07639353,,A,1.833,0.996,1.4145
Bodega Head,BH,3,CA,2019,2019,405,83.16,38.15,14.57,11.042,2666.06668,4.14168186,,A,2.011,1.35,1.6805
Bodega Head,BH,3,CA,2019,2019,406,119.89,41.72,24.16,52.3366,4588.04932,11.4071572,,A,6.434,1.968,4.201
Bodega Head,BH,3,CA,2019,2019,407,70.34,28.94,10.46,6.673,1736.08598,3.84370364,,A,1.565,1.073,1.319
Bodega Head,BH,3,CA,2019,2019,408,77.96,34.31,12.85,9.3759,2266.04778,4.13755618,,A,2.014,0.967,1.4905
Bodega Head,BH,3,CA,2019,2019,409,69.41,31.63,11.46,8.1082,1833.43523,4.42240876,,A,1.725,1.2,1.4625
Bodega Head,BH,3,CA,2019,2019,410,89.76,37.52,15.32,19.5346,2890.46112,6.75829883,,A,3.175,1.885,2.53
Bodega Head,BH,3,CA,2019,2019,411,55.95,26.56,9.01,3.8502,1235.93144,3.11522133,,A,1.231,0.72,0.9755
Bodega Head,BH,3,CA,2019,2019,412,54.82,26.43,9.81,4.1965,1223.87656,3.42885886,,A,1.457,0.713,1.085
Bodega Head,BH,3,CA,2019,2019,413,95.84,36.88,17.82,22.8763,3106.8152,7.36326382,,A,3.576,1.315,2.4455
Bodega Head,BH,3,CA,2019,2019,414,75.96,31.37,13.79,9.9076,2060.68846,4.80790773,,A,2.187,0.921,1.554
Bodega Head,BH,3,CA,2019,2019,415,106.87,46.42,18.07,21.6447,4217.83162,5.13171267,,A,1.79,1.17,1.48
Bodega Head,BH,3,CA,2019,2019,416,89.74,35.67,17.15,15.5246,2840.43114,5.46557873,,A,1.996,1.059,1.5275
Bodega Head,BH,3,CA,2019,2019,417,67.03,28.26,12.28,7.0338,1637.16287,4.29633491,,A,1.663,1.106,1.3845
Bodega Head,BH,3,CA,2019,2019,418,78.91,36.96,14.74,14.6158,2463.61623,5.93266102,,A,3.047,1.327,2.187
Bodega Head,BH,3,CA,2019,2019,419,58.38,27.82,9.43,4.4515,1348.00533,3.30228664,,A,1.537,0.904,1.2205
Bodega Head,BH,3,CA,2019,2019,420,70.45,28.81,12.38,7.9092,1768.04649,4.47341179,,A,1.992,1.056,1.524
Bodega Head,BH,3,CA,2019,2019,421,88.53,35.71,15.5,14.1967,2721.89154,5.21574788,,A,2.278,1.127,1.7025
Bodega Head,BH,3,CA,2019,2019,422,57.21,27.21,10.28,4.6446,1309.15977,3.54777172,,A,1.39,0.824,1.107
Bodega Head,BH,3,CA,2019,2019,423,72.21,31.42,12.91,8.3769,1932.80428,4.33406531,,A,1.612,0.8,1.206
Bodega Head,BH,3,CA,2019,2019,424,49.61,21.98,8.79,3.0099,927.406616,3.24550197,,A,1.596,0.796,1.196
Bodega Head,BH,3,CA,2019,2019,425,69.58,31.94,11.94,8.5659,1875.60814,4.56699872,,A,1.42,1.001,1.2105
Bodega Head,BH,3,CA,2019,2019,426,103.7,41.61,16.92,21.5451,3686.78556,5.84387121,,A,2.568,1.313,1.9405
Bodega Head,BH,3,CA,2019,2019,427,51.29,24.72,8.15,3.4434,1051.22741,3.27559953,,A,1.612,0.96,1.286
Bodega Head,BH,3,CA,2019,2019,428,60.84,28.52,11.3,5.943,1479.35437,4.01729304,,A,1.473,0.808,1.1405
Bodega Head,BH,3,CA,2019,2019,429,67.03,29.92,12.63,7.5466,1709.96318,4.4133114,,A,1.847,0.988,1.4175
Bodega Head,BH,3,CA,2019,2019,430,83.54,38.08,15.31,14.1815,2710.41642,5.23222184,,A,2.375,1.271,1.823
Bodega Head,BH,3,CA,2019,2019,431,54.7,26.43,8.99,3.6126,1206.86476,2.99337599,,A,1.501,0.725,1.113
Bodega Head,BH,3,CA,2019,2019,432,72,29.26,12.79,9.2531,1807.26979,5.11993287,,A,2.191,1.261,1.726
Bodega Head,BH,3,CA,2019,2019,433,57.07,24.86,9.36,4.1098,1181.21442,3.47930057,,A,1.277,0.713,0.995
Bodega Head,BH,3,CA,2019,2019,434,126.93,48.74,18.43,32.5619,5178.89374,6.28742385,,A,2.236,1.496,1.866
Bodega Head,BH,3,CA,2019,2019,435,51.63,25.3,9.2,3.424,1096.12196,3.12373998,,A,1.14,0.783,0.9615
Bodega Head,BH,3,CA,2019,2019,436,84.78,36.35,13.55,11.6494,2576.28177,4.52178799,,A,1.679,0.968,1.3235
Bodega Head,BH,3,CA,2019,2019,437,65.01,28.88,11.6,6.2838,1582.39259,3.97107522,,A,1.549,1.031,1.29
Bodega Head,BH,3,CA,2019,2019,438,78.84,32.99,13.07,9.9557,2221.38599,4.48175149,,A,1.786,1.185,1.4855
Bodega Head,BH,3,CA,2019,2019,439,59.73,27.69,11.54,6.0952,1420.59477,4.29059723,,A,1.984,1.013,1.4985
Bodega Head,BH,3,CA,2019,2019,440,73.33,33.81,13.77,9.8946,2105.39722,4.69963573,,A,2.401,0.947,1.674
Bodega Head,BH,3,CA,2019,2019,441,62.55,26.04,10.12,5.2435,1381.4271,3.79571241,,A,1.607,0.924,1.2655
Bodega Head,BH,3,CA,2019,2019,442,69.72,32.75,12.49,7.677,1927.61278,3.98264635,,A,1.32,0.866,1.093
Bodega Head,BH,3,CA,2019,2019,443,60.47,26.03,11.93,7.5512,1357.1015,5.56421168,,A,2.287,1.201,1.744
Bodega Head,BH,3,CA,2019,2019,444,58.65,25.63,8.95,3.5032,1262.25483,2.77535084,,A,1.248,0.698,0.973
Bodega Head,BH,3,CA,2019,2019,445,92.12,40.4,15.26,20.482,3108.97766,6.58801774,,A,3.413,1.883,2.648
Bodega Head,BH,3,CA,2019,2019,446,61.88,26.54,10.1,5.4292,1374.76183,3.94919315,,A,1.894,1.168,1.531
Bodega Head,BH,3,CA,2019,2019,447,82.58,31.08,12.97,11.0746,2186.19562,5.0656949,,A,1.923,1.101,1.512
Bodega Head,BH,3,CA,2019,2019,448,86.99,37.24,15.51,15.1209,2754.87905,5.48877091,,A,2.423,1.343,1.883
Bodega Head,BH,3,CA,2019,2019,449,68.52,32.61,12.55,9.495,1907.25306,4.97836403,,A,2.553,1.223,1.888
Bodega Head,BH,3,CA,2019,2019,450,93.07,39.92,15.35,15.6961,3136.2209,5.0047814,,A,2.34,1.04,1.69
Bodega Head,BH,3,CA,2019,2019,451,49.66,22.93,8.42,3.0883,956.210783,3.22972723,,A,1.643,0.946,1.2945
Bodega Head,BH,3,CA,2019,2019,452,66.86,29.16,10.56,6.0683,1638.70035,3.70311754,,A,1.357,0.853,1.105
Bodega Head,BH,3,CA,2019,2019,453,70.06,30.56,12.74,8.9221,1812.73541,4.92189866,,A,1.95,1.034,1.492
Bodega Head,BH,3,CA,2019,2019,454,103.27,43.36,15.44,18.4202,3750.68785,4.9111525,,A,2.441,1.255,1.848
Bodega Head,BH,3,CA,2019,2019,455,55.4,25.12,9.3,4.1307,1165.91983,3.54286797,,A,1.45,0.947,1.1985
Bodega Head,BH,3,CA,2019,2019,456,64.28,31.13,11.5,7.7661,1670.142,4.6499639,,A,2.447,1.081,1.764
Bodega Head,BH,3,CA,2019,2019,457,90.38,38.58,16.61,18.4398,2992.37636,6.16225961,,A,2.973,1.531,2.252
Bodega Head,BH,3,CA,2019,2019,458,65.25,29.68,11.65,7.4975,1635.29361,4.58480359,,A,1.69,0.978,1.334
Bodega Head,BH,3,CA,2019,2019,459,55.8,24.66,9.54,3.9332,1163.28837,3.38110489,,A,1.284,0.885,1.0845
Bodega Head,BH,3,CA,2019,2019,460,97.12,38.17,16.05,17.3776,3170.83356,5.48045165,,A,2.388,0.989,1.6885
Bodega Head,BH,3,CA,2019,2019,461,55.26,25.41,10.18,4.1932,1195.56895,3.50728412,,A,1.779,0.729,1.254
Bodega Head,BH,3,CA,2019,2019,462,63.42,30.67,11.09,7.52,1622.85659,4.63380439,,A,1.914,1.132,1.523
Bodega Head,BH,3,CA,2019,2019,463,78.57,34.09,12.26,10.2864,2237.53595,4.59719988,,A,1.576,0.822,1.199
Bodega Head,BH,3,CA,2019,2019,464,78.88,29.4,17.21,16.8234,2112.38282,7.96418143,,A,3.224,1.446,2.335
Bodega Head,BH,3,CA,2019,2019,465,103.09,43.68,16.43,22.3317,3779.11996,5.90923291,,A,2.453,1.195,1.824
Bodega Head,BH,3,CA,2019,2019,466,125.49,51.86,19.51,44.6566,5470.41578,8.16329175,,A,3.911,2.064,2.9875
Bodega Head,BH,3,CA,2019,2019,467,62.76,26.46,10.95,5.4782,1410.79139,3.88306877,,A,1.424,0.961,1.1925
Bodega Head,BH,3,CA,2019,2019,468,75.08,27.44,15.09,12.8377,1860.50286,6.90012377,,A,2.105,1.525,1.815
Bodega Head,BH,3,CA,2019,2019,469,102.31,41.55,17.69,19.8042,3643.03662,5.43617922,,A,2.503,1.385,1.944
Bodega Head,BH,3,CA,2019,2019,470,64.14,26.64,11.17,6.2712,1469.56165,4.26739498,,A,1.878,1.398,1.638
Bodega Head,BH,3,CA,2019,2019,471,82.11,32.93,12.66,10.156,2274.53955,4.46507955,,A,1.916,0.86,1.388
Bodega Head,BH,3,CA,2019,2019,472,73.13,30.07,12.53,9.6643,1853.01609,5.21544311,,A,2.103,1.106,1.6045
Bodega Head,BH,3,CA,2019,2019,473,108.03,37.65,20.57,29.1433,3650.77954,7.98276086,,A,3.63,1.879,2.7545
Bodega Head,BH,3,CA,2019,2019,474,74.87,32.39,12.09,10.6909,2045.04583,5.2277068,,A,1.867,1.188,1.5275
Bodega Head,BH,3,CA,2019,2019,475,55.33,25.68,9.63,3.8136,1195.15502,3.19088314,,A,1.415,0.965,1.19
Bodega Head,BH,3,CA,2019,2019,476,59.29,27.54,9.79,4.6337,1368.64748,3.38560518,,A,1.342,0.584,0.963
Bodega Head,BH,3,CA,2019,2019,477,72.87,31.28,12.68,8.401,1948.18513,4.31221853,,A,1.887,1.109,1.498
Bodega Head,BH,3,CA,2019,2019,478,64.14,27.22,11.86,6.6855,1509.22294,4.42976303,,A,2.101,1.035,1.568
Bodega Head,BH,3,CA,2019,2019,479,75.82,31.26,14.04,13.0036,2035.49818,6.3884115,,A,2.524,1.417,1.9705
Bodega Head,BH,3,CA,2019,2019,480,97.44,37.72,15.37,18.9706,3169.19361,5.98593911,,A,2.521,0.69,1.6055
Bodega Head,BH,3,CA,2019,2019,481,61.11,27.39,11.11,4.7545,1417.02595,3.3552667,,A,1.418,0.777,1.0975
Bodega Head,BH,3,CA,2019,2019,482,82.99,37.05,16.53,18.2649,2647.77426,6.89820891,,A,3.819,1.61,2.7145
Bodega Head,BH,3,CA,2019,2019,483,80.88,34.41,14.03,13.0862,2370.23961,5.52104519,,A,2.996,1.439,2.2175
Bodega Head,BH,3,CA,2019,2019,484,113.89,46.5,17.56,32.7691,4473.12662,7.32577071,,A,3.138,1.553,2.3455
Bodega Head,BH,3,CA,2019,2019,485,87.85,35.85,14.5,12.3811,2691.96662,4.59927693,,A,2.131,1.067,1.599
Bodega Head,BH,3,CA,2019,2019,486,94.85,37.41,13.55,18.5059,2958.42903,6.25531314,,A,2.588,1.563,2.0755
Bodega Head,BH,3,CA,2019,2019,487,58.83,25.49,9.75,4.5541,1261.4264,3.61027801,,A,1.47,0.907,1.1885
Bodega Head,BH,3,CA,2019,2019,488,85.81,36.03,13.47,11.7181,2584.73346,4.53358157,,A,1.818,0.873,1.3455
Bodega Head,BH,3,CA,2019,2019,489,61.96,29.36,11.83,6.3347,1541.94448,4.10825427,,A,1.706,0.906,1.306
Bodega Head,BH,3,CA,2019,2019,490,81.67,35.34,14.41,15.7169,2447.74838,6.42096228,,A,3.118,1.299,2.2085
Bodega Head,BH,3,CA,2019,2019,491,111.95,40.55,16.91,24.0684,3779.5399,6.36807671,,A,1.971,1.309,1.64
Bodega Head,BH,3,CA,2019,2019,492,102.46,37.08,20.82,33.1944,3452.66926,9.61412678,,A,4.906,1.604,3.255
Bodega Head,BH,3,CA,2019,2019,493,54.32,24.2,9.75,4.428,1109.89316,3.98957319,,A,1.636,1.005,1.3205
Bodega Head,BH,3,CA,2019,2019,494,75.69,32.78,14.7,11.7164,2135.0275,5.48770449,,A,2.562,1.102,1.832
Bodega Head,BH,3,CA,2019,2019,495,107.21,44.16,19.54,27.0082,4148.28478,6.51069091,,A,2.843,1.725,2.284
Bodega Head,BH,3,CA,2019,2019,496,54.69,26.94,9.58,4.7052,1220.38173,3.85551494,,A,1.939,0.963,1.451
Bodega Head,BH,3,CA,2019,2019,497,79.87,33.11,13.73,9.2083,2243.05146,4.1052558,,A,1.831,0.921,1.376
Bodega Head,BH,3,CA,2019,2019,498,76.03,34.84,11.94,10.0873,2206.83527,4.57093474,,A,2.234,0.918,1.576
Bodega Head,BH,3,CA,2019,2019,499,101.86,42.21,14.82,15.3741,3645.18401,4.21764716,,A,1.94,0.591,1.2655
Bodega Head,BH,3,CA,2019,2019,500,65.62,30.31,11.3,7.0297,1673.72218,4.20003993,,A,1.812,1.027,1.4195
Bodega Head,BH,3,CA,2019,2019,501,86.88,37.7,15.43,14.4722,2795.93781,5.17615233,,A,2.529,1.053,1.791
Bodega Head,BH,3,CA,2019,2019,502,110.56,41.6,17.47,25.2357,3933.53814,6.41552187,,A,3.144,1.119,2.1315
Strawberry Hill,SH,7,OR,2019,2019,503,66.99,30.37,9.53,6.6653,1687.25462,3.95038183,,A,2.039,1.261,1.65
Strawberry Hill,SH,7,OR,2019,2019,504,67.58,34.02,12.08,7.8588,1929.14046,4.07373136,,A,2.37,1.065,1.7175
Strawberry Hill,SH,7,OR,2019,2019,505,87.65,37.68,15.45,16.6625,2822.92168,5.90257254,,A,2.799,1.855,2.327
Strawberry Hill,SH,7,OR,2019,2019,506,49.62,24.66,7.47,2.7667,1005.31207,2.75208074,,A,1.472,0.858,1.165
Strawberry Hill,SH,7,OR,2019,2019,507,55.38,26.29,9.63,4.2864,1222.93836,3.50500085,,A,1.8,1.072,1.436
Strawberry Hill,SH,7,OR,2019,2019,508,74.5,33.34,10.93,9.2266,2061.2326,4.47625368,,A,1.931,1.287,1.609
Strawberry Hill,SH,7,OR,2019,2019,509,88.16,38.45,16.57,18.2772,2906.41692,6.28856785,,A,3.331,1.742,2.5365
Strawberry Hill,SH,7,OR,2019,2019,510,71.44,31.15,11.89,10.0243,1866.03499,5.3719786,,A,2.523,1.32,1.9215
Strawberry Hill,SH,7,OR,2019,2019,511,84.44,38.48,10.48,12.7541,2642.11349,4.82723397,,A,2.34,1.129,1.7345
Strawberry Hill,SH,7,OR,2019,2019,512,89.56,40.19,15.06,15.3391,3021.27737,5.07702475,,A,1.901,1.218,1.5595
Strawberry Hill,SH,7,OR,2019,2019,513,109.43,45.46,19.23,24.0518,4267.65947,5.63582923,,A,2.662,1.289,1.9755
Strawberry Hill,SH,7,OR,2019,2019,514,51.69,25.63,9.88,4.0766,1112.01851,3.66594618,,A,1.931,1.357,1.644
Strawberry Hill,SH,7,OR,2019,2019,515,75.2,35.07,15.15,13.1726,2253.12743,5.84636262,,A,2.381,1.341,1.861
Strawberry Hill,SH,7,OR,2019,2019,516,81.98,36.84,12.77,13.2782,2549.02856,5.20912171,,A,2.292,1.49,1.891
Strawberry Hill,SH,7,OR,2019,2019,517,60.86,27.21,7.48,4.8571,1369.34822,3.54701597,,A,1.515,0.954,1.2345
Strawberry Hill,SH,7,OR,2019,2019,518,73.04,33.89,12.18,9.7154,2066.3757,4.70166194,,A,2.289,1.241,1.765
Strawberry Hill,SH,7,OR,2019,2019,519,86.98,38.77,14.2,14.5648,2863.86026,5.085723,,A,2.628,1.236,1.932
Strawberry Hill,SH,7,OR,2019,2019,520,54.21,26.01,8.63,4.3672,1169.51853,3.73418623,,A,1.957,1.126,1.5415
Strawberry Hill,SH,7,OR,2019,2019,521,79.38,34.25,11.87,10.4499,2260.23784,4.62336299,,A,2.105,1.073,1.589
Strawberry Hill,SH,7,OR,2019,2019,522,67.71,31.54,11.11,7.1667,1776.33191,4.03455006,,A,1.562,0.904,1.233
Strawberry Hill,SH,7,OR,2019,2019,523,67.44,31.87,10.4,7.0813,1763.54934,4.01536822,,A,1.949,0.998,1.4735
Strawberry Hill,SH,7,OR,2019,2019,524,104.93,43.64,17.19,26.774,3859.3421,6.93745186,,A,3.864,1.545,2.7045
Strawberry Hill,SH,7,OR,2019,2019,525,52.62,26.21,9.54,3.8261,1150.41324,3.32584838,,A,1.36,1.029,1.1945
Strawberry Hill,SH,7,OR,2019,2019,526,65.18,33.24,13.65,9.4553,1841.49497,5.13457825,,A,2.386,1.665,2.0255
Strawberry Hill,SH,7,OR,2019,2019,527,84.8,42.68,12.39,14.3014,2967.65367,4.81909333,,A,2.479,1.223,1.851
Strawberry Hill,SH,7,OR,2019,2019,528,69.86,30.82,11.65,7.3647,1815.81314,4.05586887,,A,1.954,1.172,1.563
Strawberry Hill,SH,7,OR,2019,2019,529,79.88,39.54,15.15,13.9694,2687.00559,5.19887269,,A,3.071,1.271,2.171
Strawberry Hill,SH,7,OR,2019,2019,530,96.92,40.23,15.28,18.1888,3254.93814,5.58806318,,A,2.647,1.153,1.9
Strawberry Hill,SH,7,OR,2019,2019,531,79.59,35.54,14.17,13.2988,2377.49306,5.59362306,,A,2.661,1.315,1.988
Strawberry Hill,SH,7,OR,2019,2019,532,70.36,32.89,10.14,8.0447,1911.73227,4.20806833,,A,1.964,1.261,1.6125
Strawberry Hill,SH,7,OR,2019,2019,533,72.31,33.92,10.85,9.0198,2023.26544,4.45804085,,A,2.08,1.19,1.635
Strawberry Hill,SH,7,OR,2019,2019,534,94.06,39.3,15.83,19.0172,3125.63719,6.08426342,,A,3.105,1.53,2.3175
Strawberry Hill,SH,7,OR,2019,2019,535,64.26,32.18,10.63,7.6682,1728.31221,4.4368141,,A,2.363,1.13,1.7465
Strawberry Hill,SH,7,OR,2019,2019,536,69.65,31.96,11.14,7.6139,1856.28253,4.10169242,,A,1.635,1.05,1.3425
Strawberry Hill,SH,7,OR,2019,2019,537,88.32,40.28,13.94,16.3905,2997.02191,5.46892899,,A,3.063,1.762,2.4125
Strawberry Hill,SH,7,OR,2019,2019,538,123.44,60.32,22.64,39.5067,6348.83117,6.22267296,,A,2.553,1.301,1.927
Strawberry Hill,SH,7,OR,2019,2019,539,52.69,25.94,8.91,4.1415,1137.7651,3.64003079,,A,1.697,1.075,1.386
Strawberry Hill,SH,7,OR,2019,2019,540,61.46,28.24,10.06,6.264,1448.41937,4.32471431,,A,2.479,1.3,1.8895
Strawberry Hill,SH,7,OR,2019,2019,541,69.83,34.28,12.37,9.8454,2038.57369,4.82955315,,A,2.431,1.105,1.768
Strawberry Hill,SH,7,OR,2019,2019,542,91.42,42.27,15.3,17.5665,3251.9696,5.40180326,,A,3.079,1.603,2.341
Strawberry Hill,SH,7,OR,2019,2019,543,56.51,28.51,7.96,3.7807,1318.99846,2.86634149,,A,1.469,0.948,1.2085
Strawberry Hill,SH,7,OR,2019,2019,544,66.19,34.43,10.75,7.7851,1868.50566,4.16648457,,A,2.058,1.106,1.582
Strawberry Hill,SH,7,OR,2019,2019,545,101.68,44.95,17.78,24.633,3852.97148,6.39324743,,A,3.407,1.694,2.5505
Strawberry Hill,SH,7,OR,2019,2019,546,55.01,27.24,9.24,4.0273,1240.18064,3.24734953,,A,2.036,1.095,1.5655
Strawberry Hill,SH,7,OR,2019,2019,547,69.87,33.55,11.98,8.7667,1960.64366,4.47133774,,A,2.339,1.368,1.8535
Strawberry Hill,SH,7,OR,2019,2019,548,85.68,40.46,14.77,14.629,2916.95863,5.01515512,,A,2.498,1.329,1.9135
Strawberry Hill,SH,7,OR,2019,2019,549,105.36,47.15,17.64,25.1651,4159.87597,6.04948325,,A,2.852,0.968,1.91
Strawberry Hill,SH,7,OR,2019,2019,550,55.28,29.13,9.25,4.3,1326.93684,3.24054611,,A,1.845,1.081,1.463
Strawberry Hill,SH,7,OR,2019,2019,551,84.65,40.52,14.85,14.1041,2872.15729,4.9106294,,A,3.075,1.36,2.2175
Strawberry Hill,SH,7,OR,2019,2019,552,112.58,44.58,15.95,29.1194,4253.50154,6.84598318,,A,3.513,1.484,2.4985
Strawberry Hill,SH,7,OR,2019,2019,553,52.11,26.58,7.93,3.7644,1136.21515,3.31310491,,A,1.814,1.068,1.441
Strawberry Hill,SH,7,OR,2019,2019,554,66.82,33.58,10.04,8.4573,1860.83194,4.54490264,,A,2.582,1.647,2.1145
Strawberry Hill,SH,7,OR,2019,2019,555,74.14,33.73,10.82,8.6232,2091.8982,4.12218913,,A,2.043,0.935,1.489
Strawberry Hill,SH,7,OR,2019,2019,556,109.72,46.77,17.95,26.0281,4292.26915,6.06394871,,A,1.326,2.573,1.9495
Strawberry Hill,SH,7,OR,2019,2019,557,62.28,31.97,9.99,6.2231,1629.32996,3.81942281,,A,1.851,1.169,1.51
Strawberry Hill,SH,7,OR,2019,2019,558,103.1,45.46,20.23,24.3391,4042.84182,6.0202949,,A,3.093,1.399,2.246
Strawberry Hill,SH,7,OR,2019,2019,559,136.32,53.29,24.05,56.2818,6235.5021,9.02602534,,A,3.647,2.625,3.136
Strawberry Hill,SH,7,OR,2019,2019,560,68.99,32.51,14.32,9.638,1956.65125,4.92576284,,A,2.473,1.352,1.9125
Strawberry Hill,SH,7,OR,2019,2019,561,71.6,35.29,12.25,9.0959,2094.40547,4.34295084,,A,2.228,1.166,1.697
Strawberry Hill,SH,7,OR,2019,2019,562,66.74,34.73,10.26,7.0633,1915.20151,3.68801924,,A,1.63,1.115,1.3725
Strawberry Hill,SH,7,OR,2019,2019,563,72.92,34.78,14.26,11.6974,2188.64228,5.34459198,,A,2.709,1.41,2.0595
Strawberry Hill,SH,7,OR,2019,2019,564,43.41,22.38,8.31,2.0083,817.383486,2.45698627,,A,1.065,0.653,0.859
Strawberry Hill,SH,7,OR,2019,2019,565,55.69,29.3,8.64,3.5776,1340.4841,2.66888656,,A,1.275,0.745,1.01
Strawberry Hill,SH,7,OR,2019,2019,566,77.69,36.01,12.41,11.2755,2334.40216,4.83014461,,A,2.245,1.095,1.67
Strawberry Hill,SH,7,OR,2019,2019,567,93.82,40.46,17.77,21.0651,3290.17104,6.40243312,,A,3.374,1.488,2.431
Strawberry Hill,SH,7,OR,2019,2019,568,105.99,49.81,19.02,25.2498,4455.17701,5.66751892,,A,2.551,1.17,1.8605
Strawberry Hill,SH,7,OR,2019,2019,569,67.23,30.6,8.24,6.7548,1657.75304,4.07467207,,A,2.087,1.1,1.5935
Strawberry Hill,SH,7,OR,2019,2019,570,75.12,33.23,12.38,12.1552,2100.16869,5.78772554,,A,2.691,1.649,2.17
Strawberry Hill,SH,7,OR,2019,2019,571,80.66,34.95,13.09,10.4781,2365.42896,4.42968281,,A,2.039,1.172,1.6055
Strawberry Hill,SH,7,OR,2019,2019,572,49.74,25.67,8.56,3.2372,1064.64829,3.04062857,,A,1.168,0.86,1.014
Strawberry Hill,SH,7,OR,2019,2019,573,82.59,38.61,13.53,12.3664,2693.99295,4.59036094,,A,2.177,1.115,1.646
Strawberry Hill,SH,7,OR,2019,2019,574,93.29,40.09,12.06,15.4494,3050.09447,5.06522016,,A,2.464,1.454,1.959
Strawberry Hill,SH,7,OR,2019,2019,575,100.72,40.42,17.78,26.6612,3563.14616,7.48248846,,A,4.292,2.207,3.2495
Strawberry Hill,SH,7,OR,2019,2019,576,71.48,32.77,13.07,9.851,1983.00722,4.96770758,,A,2.401,1.2,1.8005
Strawberry Hill,SH,7,OR,2019,2019,577,70.38,36.12,13.73,13.7318,2124.04133,6.46494012,,A,4.308,1.695,3.0015
Strawberry Hill,SH,7,OR,2019,2019,578,89.99,37.79,13.45,14.424,2860.74376,5.04204543,,A,2.567,1.332,1.9495
Strawberry Hill,SH,7,OR,2019,2019,579,88.62,35.44,15.43,15.7073,2689.27935,5.84070971,,A,3.158,1.551,2.3545
Strawberry Hill,SH,7,OR,2019,2019,580,109.96,50.6,17.74,28.3126,4608.79306,6.14317016,,A,3.092,1.421,2.2565
Strawberry Hill,SH,7,OR,2019,2019,581,55.54,25.05,11.22,6.12,1196.67285,5.11417972,,A,2.956,1.62,2.288
Strawberry Hill,SH,7,OR,2019,2019,582,70.62,33.64,10.49,6.9422,1974.06313,3.51670618,,A,1.656,0.987,1.3215
Strawberry Hill,SH,7,OR,2019,2019,583,80.26,36.96,13.25,10.8343,2490.78605,4.34975136,,A,2.455,1.271,1.863
Strawberry Hill,SH,7,OR,2019,2019,584,111.34,49.65,17.99,27.7206,4605.5892,6.01890416,,A,2.402,1.469,1.9355
Strawberry Hill,SH,7,OR,2019,2019,585,59.77,27.53,9.9,5.3736,1383.18915,3.88493503,,A,1.509,1.061,1.285
Strawberry Hill,SH,7,OR,2019,2019,586,51.66,25.61,9.13,3.8714,1109.47969,3.48938338,,A,1.729,0.942,1.3355
Strawberry Hill,SH,7,OR,2019,2019,587,67.73,31.49,9.12,7.3073,1727.53255,4.22990582,,A,2.064,1.202,1.633
Strawberry Hill,SH,7,OR,2019,2019,588,54.56,27.65,8.38,3.9188,1245.44356,3.14650951,,A,1.813,1.336,1.5745
Strawberry Hill,SH,7,OR,2019,2019,589,69.34,34.31,11.12,7.5469,1963.66956,3.84326373,,A,1.505,0.858,1.1815
Strawberry Hill,SH,7,OR,2019,2019,590,77.19,38.39,14.56,12.3074,2474.34926,4.97399465,,A,3.033,1.332,2.1825
Strawberry Hill,SH,7,OR,2019,2019,591,48.06,24.91,7.2,2.7523,975.376946,2.82178086,,A,1.455,0.687,1.071
Strawberry Hill,SH,7,OR,2019,2019,592,66.2,29.34,11.84,7.5543,1649.34947,4.58016943,,A,2.27,1.189,1.7295
Strawberry Hill,SH,7,OR,2019,2019,593,86.26,41.84,17.96,15.3557,3093.0871,4.96452234,,A,2.282,1.454,1.868
Strawberry Hill,SH,7,OR,2019,2019,594,63.77,30.18,9.05,6.3415,1595.7552,3.97398047,,A,1.68,1.185,1.4325
Strawberry Hill,SH,7,OR,2019,2019,595,70.24,33.64,11.1,9.5814,1959.09407,4.89072992,,A,2.013,1.185,1.599
Strawberry Hill,SH,7,OR,2019,2019,596,96.35,40.83,17.38,21.4897,3385.9214,6.34678052,,A,3.107,1.133,2.12
Strawberry Hill,SH,7,OR,2019,2019,597,60.18,31.47,9.87,5.2494,1586.00633,3.30982286,,A,1.671,0.948,1.3095
Strawberry Hill,SH,7,OR,2019,2019,598,78.9,36.31,13.58,12.3838,2414.77098,5.12835382,,A,3.075,1.406,2.2405
Strawberry Hill,SH,7,OR,2019,2019,599,97.26,42.31,15.21,20.7101,3446.59434,6.00885916,,A,2.855,1.469,2.162
Strawberry Hill,SH,7,OR,2019,2019,600,63.97,32.84,12.5,9.3111,1772.6825,5.25254804,,A,3.112,1.58,2.346
Strawberry Hill,SH,7,OR,2019,2019,601,47.57,22.19,7.59,2.4066,865.276088,2.7813088,,A,1.361,0.886,1.1235
Strawberry Hill,SH,7,OR,2019,2019,602,58.09,29.38,10.24,5.0099,1426.9514,3.51091145,,A,1.802,1.014,1.408
Strawberry Hill,SH,7,OR,2019,2019,603,110.89,47.28,16.16,24.5687,4352.414,5.64484444,,A,3.161,1.67,2.4155
Strawberry Hill,SH,7,OR,2019,2019,604,118.71,53.31,18.37,34.6954,5365.57713,6.46629415,,A,2.983,1.835,2.409
Strawberry Hill,SH,7,OR,2019,2019,605,87.69,40.64,14.42,16.8596,2987.58737,5.64321573,,A,2.359,1.341,1.85
Strawberry Hill,SH,7,OR,2019,2019,606,122.67,56.31,21.05,46.6265,5768.74816,8.08260279,,A,3.788,1.842,2.815
Strawberry Hill,SH,7,OR,2019,2019,607,48.76,24.37,6.98,2.9747,985.063653,3.01980485,,A,1.549,1.083,1.316
Strawberry Hill,SH,7,OR,2019,2019,608,71.34,30.02,12.16,10.8374,1816.86909,5.96487663,,A,3.495,1.435,2.465
Strawberry Hill,SH,7,OR,2019,2019,609,93.22,46.38,14.42,17.7878,3627.40059,4.90373191,,A,2.139,0.929,1.534
Strawberry Hill,SH,7,OR,2019,2019,610,120.2,51.73,18.03,32.3225,5199.25438,6.21675679,,A,2.304,1.1,1.702
Fogarty Creek,FC,8,OR,2019,2019,611,59.55,27.46,9.93,4.5833,1353.02647,3.38744296,,A,1.458,0.915,1.1865
Fogarty Creek,FC,8,OR,2019,2019,612,63.16,30.22,11.42,6.239,1600.73326,3.89758879,,A,1.52,1.092,1.306
Fogarty Creek,FC,8,OR,2019,2019,613,77.13,33.5,11.8,8.2564,2158.34953,3.82533036,,A,1.502,0.94,1.221
Fogarty Creek,FC,8,OR,2019,2019,614,85.22,36.85,12.34,10.4676,2610.25689,4.01018001,,A,1.878,0.947,1.4125
Fogarty Creek,FC,8,OR,2019,2019,615,112.77,43.72,18.86,29.9882,4200.78815,7.138708,,A,2.642,1.719,2.1805
Fogarty Creek,FC,8,OR,2019,2019,616,54.77,26.7,9.37,4.179,1216.94468,3.43400984,,A,1.277,0.942,1.1095
Fogarty Creek,FC,8,OR,2019,2019,617,64.2,29.3,9.49,5.0948,1556.28892,3.27368519,,A,1.357,0.862,1.1095
Fogarty Creek,FC,8,OR,2019,2019,618,73.13,32.84,11.68,8.0102,1998.15255,4.00880304,,A,1.777,1.101,1.439
Fogarty Creek,FC,8,OR,2019,2019,619,110.86,45.95,18.75,28.7236,4373.80719,6.56718477,,A,1.542,0.959,1.2505
Fogarty Creek,FC,8,OR,2019,2019,620,59.68,29.67,10.94,5.5354,1477.91773,3.74540469,,A,1.604,1.306,1.455
Fogarty Creek,FC,8,OR,2019,2019,621,67.48,30.6,9.85,5.9644,1709.26563,3.48945178,,A,1.515,1.069,1.292
Fogarty Creek,FC,8,OR,2019,2019,622,54.32,25.77,7.88,3.5474,1161.55636,3.05400592,,A,1.204,0.813,1.0085
Fogarty Creek,FC,8,OR,2019,2019,623,54.35,27.69,10.04,4.3096,1261.34201,3.41667839,,A,1.483,0.73,1.1065
Fogarty Creek,FC,8,OR,2019,2019,624,86.32,39.56,13.8,12.5125,2834.25868,4.41473465,,A,1.875,1.234,1.5545
Fogarty Creek,FC,8,OR,2019,2019,625,94.31,44.34,15.18,16.9503,3512.47355,4.82574452,,A,2.259,1.173,1.716
Fogarty Creek,FC,8,OR,2019,2019,626,63.99,29.61,10.84,6.1494,1581.3675,3.88865967,,A,1.659,0.857,1.258
Fogarty Creek,FC,8,OR,2019,2019,627,55.92,25.63,8.95,4.0014,1191.48467,3.35833109,,A,1.518,0.93,1.224
Fogarty Creek,FC,8,OR,2019,2019,628,58.6,25.12,8.69,4.1937,1229.89797,3.40979505,,A,1.89,1.08,1.485
Fogarty Creek,FC,8,OR,2019,2019,629,80.41,36.72,13.85,13.4524,2493.20998,5.39561453,,A,3.045,1.767,2.406
Fogarty Creek,FC,8,OR,2019,2019,630,83.33,36.49,11.03,9.9802,2503.28162,3.98684668,,A,1.785,0.856,1.3205
Fogarty Creek,FC,8,OR,2019,2019,631,56.65,30.4,10.04,5.2528,1424.49217,3.68748955,,A,1.561,0.951,1.256
Fogarty Creek,FC,8,OR,2019,2019,632,60.83,29.45,10.59,4.933,1507.11248,3.27314654,,A,1.449,1.038,1.2435
Fogarty Creek,FC,8,OR,2019,2019,633,77.03,35.61,10.82,9.2177,2272.7636,4.05572317,,A,1.595,1.111,1.353
Fogarty Creek,FC,8,OR,2019,2019,634,56.87,28.12,10.05,5.0631,1323.99073,3.82412043,,A,1.589,1.034,1.3115
Fogarty Creek,FC,8,OR,2019,2019,635,74.76,33.77,11.62,8.8895,2096.65389,4.23985096,,A,1.951,0.914,1.4325
Fogarty Creek,FC,8,OR,2019,2019,636,113.97,47.91,19.26,25.3291,4587.25824,5.52162069,,A,2.078,1.358,1.718
Fogarty Creek,FC,8,OR,2019,2019,637,56.61,29.14,9.05,4.4075,1350.43893,3.26375366,,A,1.593,0.842,1.2175
Fogarty Creek,FC,8,OR,2019,2019,638,61.08,30.93,11.19,6.2158,1579.75047,3.93467204,,A,1.404,1.02,1.212
Fogarty Creek,FC,8,OR,2019,2019,639,72.93,33.8,10.32,7.1883,2019.91464,3.55871474,,A,1.421,1.097,1.259
Fogarty Creek,FC,8,OR,2019,2019,640,57.26,28.93,11.28,5.4941,1404.8501,3.91080871,,A,1.385,1.02,1.2025
Fogarty Creek,FC,8,OR,2019,2019,641,79.01,32.08,11.87,9.8465,2115.22423,4.65506203,,A,1.626,1.04,1.333
Fogarty Creek,FC,8,OR,2019,2019,642,99.01,42.21,17.07,19.2124,3541.36015,5.42514717,,A,2.349,1.131,1.74
Fogarty Creek,FC,8,OR,2019,2019,644,107.48,45.91,16.97,20.7056,4190.73647,4.9408022,,A,2.244,1.131,1.6875
Fogarty Creek,FC,8,OR,2019,2019,645,50.37,26.01,8.14,3.4174,1078.6264,3.16828886,,A,1.326,0.798,1.062
Fogarty Creek,FC,8,OR,2019,2019,646,64.93,30.18,10.35,6.4173,1616.86935,3.96896632,,A,2.098,1.143,1.6205
Fogarty Creek,FC,8,OR,2019,2019,647,72.49,32.61,10.16,7.8205,1950.35617,4.00978042,,A,1.55,0.903,1.2265
Fogarty Creek,FC,8,OR,2019,2019,648,84.31,35.72,12.89,10.9987,2515.06208,4.37313261,,A,1.771,1.208,1.4895
Fogarty Creek,FC,8,OR,2019,2019,649,77.06,33.72,10.29,8.4681,2119.79112,3.9947804,,A,1.949,1.082,1.5155
Fogarty Creek,FC,8,OR,2019,2019,650,94.64,38.82,15.31,15.7929,3115.04722,5.06987499,,A,2.321,1.28,1.8005
Fogarty Creek,FC,8,OR,2019,2019,651,92.66,41.19,15.05,14.9543,3190.03975,4.68780992,,A,1.654,1.14,1.397
Fogarty Creek,FC,8,OR,2019,2019,652,59.21,27.32,9.59,4.5863,1342.28317,3.41679022,,A,1.527,0.858,1.1925
Fogarty Creek,FC,8,OR,2019,2019,653,90.1,38.23,14.44,16.2282,2906.11777,5.58415085,,A,2.559,1.335,1.947
Fogarty Creek,FC,8,OR,2019,2019,654,101.73,41.83,17.34,18.0699,3672.23485,4.92068202,,A,2.058,1.3,1.679
Fogarty Creek,FC,8,OR,2019,2019,655,62.37,32.43,11.05,5.5367,1680.67304,3.29433499,,A,1.386,0.973,1.1795
Fogarty Creek,FC,8,OR,2019,2019,656,75.63,32.12,12.44,8.9793,2042.77823,4.39563133,,A,1.905,1.006,1.4555
Fogarty Creek,FC,8,OR,2019,2019,657,101.58,42.42,12.6,17.3093,3554.28232,4.86998455,,A,2.317,1.291,1.804
Fogarty Creek,FC,8,OR,2019,2019,658,58.47,29.32,11.93,6.3761,1460.34019,4.36617444,,A,1.631,1.019,1.325
Fogarty Creek,FC,8,OR,2019,2019,659,81.14,36.71,14.16,11.7874,2471.21482,4.76988075,,A,2.411,1.168,1.7895
Fogarty Creek,FC,8,OR,2019,2019,660,93.02,41.46,17.85,17.144,3356.72833,5.10735405,,A,1.887,1.1092,1.4981
Fogarty Creek,FC,8,OR,2019,2019,661,69.02,32.24,10.76,7.7844,1860.16059,4.18479997,,A,2.222,1.1,1.661
Fogarty Creek,FC,8,OR,2019,2019,662,83.03,37.66,14.04,11.9718,2641.11053,4.53286595,,A,2.123,1.149,1.636
Fogarty Creek,FC,8,OR,2019,2019,663,89.94,42.18,16.64,15.8388,3205.72253,4.94078943,,A,2.213,1.176,1.6945
Fogarty Creek,FC,8,OR,2019,2019,664,62.38,31.36,10.97,6.254,1626.6122,3.84480087,,A,1.507,1.146,1.3265
Fogarty Creek,FC,8,OR,2019,2019,665,69.23,33.86,12.23,9.1282,1976.47479,4.6184247,,A,2.126,1.022,1.574
Fogarty Creek,FC,8,OR,2019,2019,666,105.25,41.78,18.82,28.202,3828.80788,7.36573913,,A,2.97,1.313,2.1415
Fogarty Creek,FC,8,OR,2019,2019,667,65.45,31.08,10.79,6.1423,1691.64073,3.63097193,,A,1.7,0.994,1.347
Fogarty Creek,FC,8,OR,2019,2019,668,76.38,34.58,13.42,10.2569,2226.06747,4.60763214,,A,2.093,1.047,1.57
Fogarty Creek,FC,8,OR,2019,2019,669,86.54,37.56,14.66,15.3313,2758.20834,5.55842711,,A,2.362,1.243,1.8025
Fogarty Creek,FC,8,OR,2019,2019,670,58.05,27.12,9.82,4.9222,1306.84087,3.76648766,,A,1.767,0.946,1.3565
Fogarty Creek,FC,8,OR,2019,2019,671,84.66,37.79,15.3,15.3734,2735.54766,5.61986187,,A,2.242,1.396,1.819
Fogarty Creek,FC,8,OR,2019,2019,672,96.85,44.31,15.64,17.1891,3652.43987,4.70619657,,A,2.085,1.263,1.674
Fogarty Creek,FC,8,OR,2019,2019,673,57.91,28.05,10.53,5.4846,1366.50194,4.01360571,,A,1.735,1.176,1.4555
Fogarty Creek,FC,8,OR,2019,2019,674,73.35,32.9,10.75,7.2888,1997.15345,3.64959437,,A,1.618,0.86,1.239
Fogarty Creek,FC,8,OR,2019,2019,675,78.32,37.77,13.07,10.1026,2457.78212,4.11045385,,A,1.863,1.023,1.443
Fogarty Creek,FC,8,OR,2019,2019,676,104.27,44.45,16.18,21.3239,3903.4122,5.46288706,,A,2.846,1.741,2.2935
Fogarty Creek,FC,8,OR,2019,2019,677,73.85,36.42,13.27,11.1218,2242.98716,4.95847688,,A,1.842,1.293,1.5675
Fogarty Creek,FC,8,OR,2019,2019,678,68.76,34.32,10.51,6.5427,1927.89526,3.39370096,,A,1.46,0.977,1.2185
Fogarty Creek,FC,8,OR,2019,2019,679,92.85,43.72,17.17,20.2702,3410.66455,5.94318195,,A,2.377,1.287,1.832
Fogarty Creek,FC,8,OR,2019,2019,680,58.97,29.6,10.24,5.2644,1452.16857,3.62519898,,A,1.345,1.071,1.208
Fogarty Creek,FC,8,OR,2019,2019,681,74.69,34.98,11.97,10.2738,2165.89544,4.74344228,,A,3.179,1.058,2.1185
Fogarty Creek,FC,8,OR,2019,2019,682,86.56,38.98,14.98,12.6662,2846.95885,4.44902813,,A,2.103,1.23,1.6665
Fogarty Creek,FC,8,OR,2019,2019,683,102.66,44.21,16.34,15.5591,3807.80421,4.0861082,,A,1.801,0.961,1.381
Fogarty Creek,FC,8,OR,2019,2019,684,61.64,28.33,11.57,5.6399,1495.18205,3.77204903,,A,1.703,1.03,1.3665
Fogarty Creek,FC,8,OR,2019,2019,685,63.53,30.57,10.19,5.8759,1606.89365,3.65668256,,A,1.51,0.93,1.22
Fogarty Creek,FC,8,OR,2019,2019,686,89.06,37.81,13.34,13.8965,2805.24491,4.95375643,,A,2.697,1.024,1.8605
Fogarty Creek,FC,8,OR,2019,2019,687,62.06,30.9,10.03,5.1006,1582.25065,3.22363591,,A,1.464,0.83,1.147
Fogarty Creek,FC,8,OR,2019,2019,688,82.73,36.37,11.82,10.1578,2503.66574,4.05717099,,A,1.663,1.253,1.458
Fogarty Creek,FC,8,OR,2019,2019,689,95.53,40.19,16.26,15.9049,3266.80121,4.86864641,,A,2.236,1.293,1.7645
Fogarty Creek,FC,8,OR,2019,2019,690,54.91,25.24,8.91,3.4819,1153.70726,3.01800997,,A,1.365,0.911,1.138
Fogarty Creek,FC,8,OR,2019,2019,691,74.83,32.31,12.33,10.7502,2043.98468,5.25943276,,A,2.302,1.29,1.796
Fogarty Creek,FC,8,OR,2019,2019,692,62.49,30.67,9.22,5.5809,1574.28062,3.54504776,,A,1.38,1.139,1.2595
Fogarty Creek,FC,8,OR,2019,2019,693,79.7,33.55,12.6,10.039,2248.33849,4.465075,,A,2.459,0.993,1.726
Fogarty Creek,FC,8,OR,2019,2019,694,99.18,38.32,14.62,13.716,3197.82985,4.28915879,,A,1.831,1.031,1.431
Fogarty Creek,FC,8,OR,2019,2019,695,58.91,29.42,11.76,5.3334,1460.55323,3.65162999,,A,1.563,1.186,1.3745
Fogarty Creek,FC,8,OR,2019,2019,696,80.82,35.81,13.65,10.9465,2443.04754,4.48067416,,A,2.366,1.092,1.729
Fogarty Creek,FC,8,OR,2019,2019,697,94.16,43.38,16.18,21.5245,3431.60595,6.27242763,,A,2.647,1.381,2.014
Fogarty Creek,FC,8,OR,2019,2019,698,62.19,30.12,8.6,4.2626,1541.99112,2.76434795,,A,1.253,0.905,1.079
Fogarty Creek,FC,8,OR,2019,2019,699,84.84,38.41,13.59,11.1178,2705.56138,4.10923961,,A,1.797,1.15,1.4735
Fogarty Creek,FC,8,OR,2019,2019,700,102.19,39.48,17.17,18.3112,3464.80439,5.28491595,,A,2.271,1.095,1.683
Fogarty Creek,FC,8,OR,2019,2019,701,131.67,49,21.2,48.9539,5608.74942,8.72813106,,A,3.718,1.798,2.758
Fogarty Creek,FC,8,OR,2019,2019,702,60.26,30.4,9.27,5.8352,1516.95956,3.84664176,,A,1.852,0.937,1.3945
Fogarty Creek,FC,8,OR,2019,2019,703,72.08,31.82,12.48,9.1752,1947.81676,4.71050469,,A,2.066,1.149,1.6075
Fogarty Creek,FC,8,OR,2019,2019,704,89.18,40.02,13.59,14.2435,2956.59775,4.81753056,,A,2.019,1.223,1.621
Fogarty Creek,FC,8,OR,2019,2019,705,131.36,42.79,20.75,39.0689,4896.48294,7.97897194,,A,3.835,1.536,2.6855
Fogarty Creek,FC,8,OR,2019,2019,706,102.23,46.16,20.37,30.1248,4012.9589,7.50687977,,A,2.878,1.475,2.1765
Fogarty Creek,FC,8,OR,2019,2019,707,65.15,31.55,12.19,6.8146,1736.98629,3.92323188,,A,2.027,1.138,1.5825
Fogarty Creek,FC,8,OR,2019,2019,708,107.14,44.12,14.86,20.9675,3909.71915,5.36291719,,A,2.488,1.306,1.897
Fogarty Creek,FC,8,OR,2019,2019,709,95.43,42.26,14.61,16.5166,3343.96944,4.93921978,,A,2.478,0.958,1.718
Fogarty Creek,FC,8,OR,2019,2019,710,77.52,35.2,11.55,9.8925,2258.71166,4.37970909,,A,1.77,1.001,1.3855
Fogarty Creek,FC,8,OR,2019,2019,711,73.26,31.94,12.73,8.4624,1984.58451,4.26406633,,A,2.239,1.308,1.7735
Fogarty Creek,FC,8,OR,2019,2019,712,57.39,27.76,9.07,5.1581,1317.00587,3.91653531,,A,2.309,0.986,1.6475